ID,Game,UPC,Platform,Rating,Completion,Box,Manual,Amount,Value,Notes
1,.hack//G.U. Last Recode,722674121194,PlayStation 4,CIB,Not started,Y,N,1,10.03,
2,007 Goldeneye Rogue Agent,014633148688,PlayStation 2,CIB,Not started,Y,Y,1,8.11,
3,13 Sentinels: Aegis Rim,730865220311,PlayStation 4,CIB,Played,Y,Y,1,11.57,
4,187: Ride or Die,008888322177,PlayStation 2,CIB,Not started,Y,Y,1,10.95,
5,2006 FIFA World Cup,014633151657,PlayStation 2,CIB,Not started,Y,Y,1,9.91,
6,25 to Life,788687500258,PlayStation 2,CIB,Not started,Y,Y,1,14.19,
7,Animal Crossing,045496960490,Nintendo GameCube,CIB,Played,Y,Y,1,63.22,
8,Animal Crossing New Horizons,045496596439,Nintendo Switch,CIB,Played,Y,Y,1,37.67,
9,Animal Crossing: Wild World,045496735920,Nintendo DS,CIB,Played,Y,Y,1,31.49,
10,Ape Escape: Pumped & Primed,008888322153,PlayStation 2,CIB,Played,Y,Y,1,40.00,
11,Army Men: Green Rogue,790561508519,PlayStation 2,CIB,Not started,Y,Y,1,8.52,
12,Assassin's Creed III,008888527374,XBOX 360,CIB,Finished,Y,Y,1,4.50,
13,Assassin's Creed III,008888397236,PlayStation 3,CIB,Finished,Y,Y,1,4.53,
14,Assassin's Creed III: Liberation,008888317234,PlayStation Vita,Loose,Played,N,N,1,10.98,
15,Assassin's Creed: Odyssey,887256035990,PlayStation 4,CIB,Not started,Y,Y,1,9.41,
16,Assassin's Creed: Origins,887256028428,PlayStation 4,CIB,Played,Y,Y,1,8.52,
17,Assassin's Creed: Revelations,008888396840,PlayStation 3,CIB,Finished,Y,Y,1,5.89,
18,Assassin's Creed: Revelations,008888536840,XBOX 360,CIB,Finished,Y,Y,1,4.04,
19,Assassin's Creed: Unity,887256300319-1,XBOX One,CIB,Played,Y,N,1,7.36,
20,Assassin's Creed: Valhalla,887256110185,Xbox Series X,CIB,Played,Y,Y,1,12.39,
21,Astro's Playroom,N/A,PlayStation 5,Digital,Completed,N,N,1,,
22,Avatar: The Burning Earth,752919461204,PlayStation 2,CIB,Played,Y,Y,1,9.99,
23,Batman - The Telltale Series,883929603695,Nintendo Switch,CIB,Finished,Y,Y,1,36.59,
24,Batman: Arkham Origins,883929319688,PlayStation 3,CIB,Played,Y,Y,1,8.98,
25,Battle B-Daman,730865850174,Nintendo GBA,Loose,Finished,N,N,1,11.21,
26,Battle B-Daman: Fire Spirits,730865850228,Nintendo GBA,Loose,Finished,N,N,1,10.97,
27,Battlefield 3 [Limited Edition],014633365931,XBOX 360,CIB,Finished,Y,Y,1,3.12,
28,Bayonetta 2,045496591861,Nintendo Switch,CIB,Finished,Y,Y,1,41.00,
29,Beyblade: G-Revolution,742725256897,Nintendo GBA,Loose,Finished,N,N,1,11.89,
30,Beyblade: Let it Rip,650008199215,PlayStation,CIB,Not started,Y,Y,1,8.17,
31,Beyblade: VForce,742725248489,Nintendo GBA,Loose,Played,N,N,1,4.86,
32,Beyond A Steel Sky [Beyond A Steel Book Edition],850024479029,Nintendo Switch,CIB,Played,Y,Y,1,33.37,Steelbook
33,Big Beach Sports,785138301624,Nintendo Wii,CIB,Played,Y,Y,1,4.48,
34,Big Brain Academy,045496737085,Nintendo DS,CIB,Played,Y,Y,1,5.87,
35,Bionicle,014633146806,PlayStation 2,CIB,Played,Y,Y,1,8.32,
36,Bionicle: Heroes,788687500586,PlayStation 2,CIB,Played,Y,Y,1,6.50,
37,Bioshock Infinite,710425399503,XBOX 360,CIB,Played,Y,Y,1,4.00,
38,Bioshock: The Collection,710425497612,XBOX One,CIB,Finished,Y,Y,1,9.35,
39,Black,014633151053,PlayStation 2,CIB,Not started,Y,Y,1,10.00,
40,Black Clover: Quartet Knights,722674121606,PlayStation 4,CIB,Played,Y,N,1,13.57,
41,Blacksad: Under the Skin [Limited Edition],850340008330,XBOX One,CIB,Not started,Y,Y,1,12.46,
42,Bleach: The 3rd Phantom,010086670264,Nintendo DS,CIB,Played,Y,Y,1,73.00,
43,Bleach: The Blade of Fate,010086670103,Nintendo DS,CIB,Played,Y,Y,1,22.14,
44,Blur,047875837331,XBOX 360,CIB,Played,Y,Y,1,24.23,
45,Bombastic,013388260232,PlayStation 2,CIB,Not started,Y,Y,1,8.31,
46,Borderlands 2,710425491016,XBOX 360,CIB,Finished,Y,Y,1,5.13,
47,Borderlands 3 (Super Deluxe Edition) [Steelbook],710425574979,PlayStation 4,CIB,Played,Y,Y,1,46.42,
48,Borderlands 3 [Deluxe Edition],710425594960,XBOX One,CIB,Played,Y,Y,1,10.99,
49,Brave: The Search for Spirit Dancer,896992000155,PlayStation 2,CIB,Not started,Y,Y,1,6.07,
50,Breath of Fire III (PAL),N/A,PlayStation Portable,CIB,Not started,Y,Y,1,$15.00,Estimated.
51,Breeders' Cup World Thoroughbred Championships,093155119604,PlayStation 2,CIB,Not started,Y,Y,1,5.74,
52,Brink,093155117044,XBOX 360,CIB,Played,Y,Y,1,4.21,
53,Bugsnax,N/A,PlayStation 5,Digital,Finished,N,N,1,,
54,Burnout 3: Takedown,014633148336,PlayStation 2,CIB,Played,Y,Y,1,13.68,
55,Burnout Dominator,014633156324,PlayStation 2,Loose,Played,N,N,1,7.71,
56,Burnout Legends,014633151220,PlayStation Portable,CIB,Not started,Y,Y,1,12.66,
57,Burnout Revenge,014633151039-1,PlayStation 2,CIB,Played,Y,Y,1,9.90,
58,Burnout Revenge,014633151039-2,PlayStation 2,CIB,Played,Y,Y,1,$9.34,
59,Buzz! Junior: Robo Jam,711719763420,PlayStation 2,CIB,Not started,Y,Y,1,7.91,
60,Call of Duty: Black Ops,047875881853-1,XBOX 360,CIB,Finished,Y,Y,1,10.99,
61,Call of Duty: Black Ops,047875881853-2,XBOX 360,CIB,Finished,Y,Y,1,$9.39,
62,Call of Duty: Modern Warfare 2,047875837577,XBOX 360,CIB,Finished,Y,Y,1,7.06,
63,Call of Duty: Modern Warfare 2,047875837478,PlayStation 3,CIB,Played,Y,Y,1,5.62,
64,Call of Duty: Modern Warfare 3,047875845596,XBOX 360,CIB,Finished,Y,Y,1,7.95,
65,Call of Duty: World at War,047875834453,XBOX 360,CIB,Not started,Y,Y,1,10.48,
66,Car Mechanic Simulator,816819015049,XBOX One ,CIB,Played,Y,N,1,24.17,
67,Carmen Sandiego: The Secret of the Stolen Drums,682384410103,Nintendo GameCube,CIB,Not started,Y,Y,1,13.21,
68,Cars,712725022518,Nintendo DS,CIB,Played,Y,Y,1,7.49,
69,Catz,008888163206,Nintendo DS,CIB,Played,Y,Y,1,6.80,
70,Cave Story 3D,813633011059,Nintendo 3DS,Loose,Played,N,N,1,41.53,
71,Club Penguin Elite Penguin Force: Herbert's Revenge,712725017071,Nintendo DS,CIB,Finished,Y,Y,1,6.95,
72,Club Penguin: Elite Penguin Force,712725005139,Nintendo DS,CIB,Finished,Y,Y,1,5.11,
73,Code: Vein,N/A,XBOX One,Rental,Played,N/A,N/A,1,,
74,College Football USA 96,014633074918,Sega Genesis,CIB,Not started,Y,Y,1,7.99,
75,Corvette,739069615084,PlayStation 2,CIB,Not started,Y,Y,1,4.68,
76,Crash Bash,711719457022,PlayStation,CIB,Not started,Y,Y,1,13.11,
77,Crimson Sea 2,040198001304,PlayStation 2,Loose,Not started,N,N,1,12.00,
78,Cyberpunk 2077,883929689606,XBOX One,CIB,Finished,Y,Y,1,10.69,
79,Danganronpa 2: Goodbye Despair,813633013879,PlayStation Vita,CIB,Finished,Y,Y,1,30.50,
80,Danganronpa Another Episode: Ultra Despair Girls,813633015170,PlayStation Vita,CIB,Finished,Y,Y,1,43.06,
81,Danganronpa Decadence [Collector's Edition],N/A,Nintendo Switch,CIB,Played,Y,Y,,,
82,Danganronpa V3: Killing Harmony,813633019109,PlayStation Vita,CIB,Finished,Y,Y,1,69.99,
83,Danganronpa: Trigger Happy Havoc,813633013466,PlayStation Vita,CIB,Finished,Y,Y,1,32.19,
84,Darksiders II,752919553824,XBOX 360,CIB,Played,Y,Y,1,3.99,
85,DDRMAX Dance Dance Revolution,083717200413,PlayStation 2,CIB,Not started,Y,Y,1,7.08,
86,Dead or Alive 2: Hardcore,018946010175,PlayStation 2,CIB,Not started,Y,Y,1,14.57,
87,Dead Space,014633155648,XBOX 360,Loose,Experienced,N,N,1,8.50,
88,Dead Space 2,014633158892,XBOX 360,CIB,Not started,Y,Y,1,9.35,
89,Dead Space 3 [Limited Edition],014633197235,XBOX 360,CIB,Not started,Y,Y,1,7.99,
90,Death Stranding,711719506027,PlayStation 4,CIB,Not started,Y,N,1,9.49,
91,Deathloop,093155175341,PlayStation 5,CIB,Played,Y,Y,1,14.09,Steelbook
92,Def Jam: Fight for NY,014633147544,PlayStation 2,Loose,Played,N,N,1,137.50,
93,Def Jam: Vendetta,014633144291,PlayStation 2,CIB,Played,Y,Y,1,31.33,
94,Demon Slayer: The Hinokami Chronicles,010086642094,XBOX Series X,CIB,Finished,Y,Y,1,27.18,
95,Dengeki Buno: Fighting Climax,010086620092,PlayStation Vita,CIB,Played,Y,Y,1,32.53,
96,Destroy All Humans!,811994022189,PlayStation 4,CIB,Finished,Y,Y,1,10.04,
97,Detroit Become Human,711719506140,PlayStation 4,CIB,Finished,Y,Y,1,13.30,
98,Deus Ex: Mankind Divided,662248916361,PlayStation 4,CIB,Played,Y,Y,1,6.25,
99,Devil May Cry,013388260041,PlayStation 2,CIB,Not started,Y,Y,1,8.00,
100,Devil May Cry 3,013388260416,PlayStation 2,CIB,Not started,Y,Y,1,8.39,
101,Devil May Cry V [Special Edition],013388570027,XBOX Series X,CIB,Played,Y,N,1,18.97,
102,Diablo III: Eternal Collection,047875883437,Nintendo Switch,CIB,Played,Y,Y,1,23.80,
103,Digimon Story: Cyber Sleuth [Complete Edition],722674840323,Nintendo Switch,CIB,Played,Y,N/A,1,17.62,
104,Digimon World DS,722674700153,Nintendo DS,Loose,Played,N,N,1,49.41,Temporary case
105,Digimon World: Data Squad,722674100670,PlayStation 2,CIB,Played,Y,Y,1,23.74,
106,Digimon World: Dusk,722674700245,Nintendo DS,Loose,Played,N,N,1,37.16,
107,Digimon World: Next Order,722674120746,PlayStation 4,CIB,Played,Y,Y,1,14.99,
108,Digimon: Rumble Arena 2,045557184056,Nintendo GameCube,CIB,Played,Y,Y,1,143.15,
109,Disco Elysium: The Final Cut,850021640965,PlayStation 5,CIB,Played,Y,N,1,103.75,
110,Disco Elysium: The Final Cut,811949033802,XBOX Series X,Loose,Played,N,N,1,14.99,Box damaged
111,Disgaea 2 - Dark Hero Days,857823001406,PlayStation Portable,CIB,Not started,Y,Y,1,35.21,
112,Disgaea 3: Absence of Detention,813633011516,PlayStation Vita,CIB,Not started,Y,Y,1,32.02,
113,Disgaea 3: Absence of Justice,857823001314,PlayStation 3,CIB,Not started,Y,Y,1,9.75,
114,Disgaea 5 Complete,813633019215,Nintendo Switch,CIB,Played,Y,Y,1,28.95,
115,Disgaea 6: Defiance of Destiny [Limited Edition],N/A,Nintendo Switch ,CIB,Played,Y,Y,1,,
116,Dishonored,093155117969,XBOX 360,CIB,Played,Y,Y,1,6.30,
117,Dissidia 012: Duodecim Final Fantasy,662248910369,PlayStation Portable,CIB,Played,Y,Y,1,17.69,
118,Dissidia Final Fantasy NT [Steelbook Edition],662248920177,PlayStation 4,CIB,Not started,Y,Y,1,16.26,
119,Dissidia: Final Fantasy,662248909028,PlayStation Portable,Loose,Finished,N,N,1,8.25,
120,Divinity: Original Sin 2 (Definitive Edition),722674122344,PlayStation 4,CIB,Played,Y,Y,1,17.50,
121,Dogz,008888160915,Nintendo DS,CIB,Played,Y,Y,1,12.28,
122,Dragon Age: Inquisition,014633730913,PlayStation 4,CIB,Played,Y,Y,1,7.73,
123,Dragon Age: Origins,014633159806,XBOX 360,CIB,Not started,Y,Y,1,5.96,
124,Dragon Ball GT: Transformation,742725256330,Nintendo GBA,Loose,Played,N,N,1,17.95,
125,Dragon Ball Z Budokai Tenkaichi,742725266438,PlayStation 2,CIB,Played,Y,Y,1,19.56,
126,Dragon Ball Z Budokai Tenkaichi 2,742725273979,PlayStation 2,CIB,Finished,Y,Y,1,45.09,
127,Dragon Ball Z Budokai Tenkaichi 3,742725275928,PlayStation 2,CIB,Finished,Y,Y,1,156.01,
128,Dragon Ball Z: Budokai,722242519590,PlayStation 2,CIB,Played,Y,Y,1,10.00,
129,Dragon Ball Z: Budokai 2,742725250680,PlayStation 2,Loose,Played,N,N,1,13.37,
130,Dragon Ball Z: Burst Limit,742725276406,XBOX 360,CIB,Not started,Y,Y,1,17.15,
131,Dragon Ball Z: Harukanaru Densetsu (PAL),742725275355,Nintendo DS,CIB,Played,Y,Y,1,17.65,
132,Dragon Ball Z: Infinite World,742725277151,PlayStation 2,CIB,Played,Y,Y,1,88.51,
133,Dragon Ball Z: Taiketsu,742725226982,Nintendo GBA,Loose,Not started,N,N,1,9.75,
134,Dragon Ball Z: The Legacy of Goku,722242518760,Nintendo GBA,Loose,Finished,N,N,1,15.48,
135,Dragon Ball: Revenge of King Piccolo,722674800235,Nintendo Wii,CIB,Not started,Y,Y,1,49.45,
136,Dragon Quest IV,N/A,Famicom,Loose,Not started,Y,N,1,,
137,Dragon Quest XI S: Echoes of an Elusive Age [Definitive Edition],045496594381,Nintendo Switch ,CIB,Not started,Y,Y,1,38.89,
138,Dream Trigger 3D,879278360006,Nintendo 3DS,Loose,Not started,N,N,1,3.44,
139,DT Racer,780332056431,PlayStation 2,CIB,Not started,Y,Y,1,3.92,
140,Duel Masters: Kaijudo Showdown,742725256903,Nintendo GBA,Loose,Played,N,N,1,2.99,
141,Dying Light 2: Stay Human,662248923369,XBOX Series X,CIB,Played,Y,Y,1,22.48,
142,Dying Light: The Following [Enhanced Edition],883929530502,XBOX One,CIB,Played,Y,Y,1,9.95,
143,Dynasty Warriors 6,040198001793,XBOX 360,CIB,Not started,Y,Y,1,8.96,
144,Dynasty Warriors: Gundam 3,722674110563,PlayStation 3,CIB,Not started,Y,Y,1,43.90,
145,Elden Ring,722674221689,XBOX Series X,CIB,Played,Y,N,1,35.00,
146,ESPN NBA 2K5,710425276163,PlayStation 2,CIB,Not started,Y,Y,1,6.75,
147,Eye Toy: Antigrav,711719741428,PlayStation 2,CIB,Played,Y,Y,1,5.74,
148,Fable III,885370164244,XBOX 360,CIB,Played,Y,Y,1,6.90,
149,Fairly Odd Parents: Breakin' Da Rules,752919460382,PlayStation 2,CIB,Not started,Y,Y,1,12.61,
150,Fairly Odd Parents: Shadow Showdown,752919460573,PlayStation 2,CIB,Played,Y,Y,1,13.71,
151,Fallout 3 (Game of the Year Edition),093155129689,PlayStation 3,CIB,Not started,Y,Y,1,9.00,
152,Fallout 4,093155170414,PlayStation 4,CIB,Played,Y,Y,1,5.87,
153,Fallout 4,093155170421,XBOX One,CIB,Finished,Y,Y,1,4.75,
154,Fallout: New Vegas,093155129030,PlayStation 3,CIB,Not started,Y,Y,1,6.88,
155,Fallout: New Vegas,N/A,XBOX 360,Rental,Played,N/A,N/A,1,,
156,Family Feud,710425370199,PlayStation 2,CIB,Played,Y,Y,1,5.44,
157,Far Cry 3,008888546313,XBOX 360,CIB,Played,Y,Y,1,5.35,
158,Far Cry 5,887256028916,XBOX One,CIB,Played,Y,Y,1,8.38,
159,Far Cry 6,887256110444,XBOX Series X,CIB,Finished,Y,Y,1,11.30,
160,Feeding Frenzy,N/A,XBOX 360,Rental,Played,N/A,N/A,1,,
161,Fight Club,020626721646,PlayStation 2,CIB,Played,Y,Y,1,13.52,
162,Final Fantasy,N/A,Famicom,Loose,Not started,Y,N,1,,
163,Final Fantasy Tactics A2: Grimoire of the Rift,662248908069,Nintendo DS,CIB,Played,Y,Y,1,45.75,
164,Final Fantasy Tactics Advance,045496733377-1,Nintendo GBA,CIB,Finished,Y,Y,1,73.70,
165,Final Fantasy Tactics Advance,045496733377-2,Nintendo GBA,Loose,Finished,N,N,1,$17.51,
166,Final Fantasy Tactics: The War of the Lions,662248907116,PlayStation Portable,CIB,Played,Y,Y,1,18.24,
167,Final Fantasy Type-0 HD,662248915234,PlayStation 4,CIB,Played,Y,Y,1,10.27,
168,Final Fantasy VII,N/A,PlayStation 4,Digital,Experienced,N/A,N/A,1,,
169,Final Fantasy VII Remake ,662248923192,PlayStation 4,CIB,Finished,Y,Y,1,15.07,
170,Final Fantasy X-2,662248903057,PlayStation 2,CIB,Not started,Y,Y,1,8.99,
171,Final Fantasy X|X-2 HD Remaster,662248914596,PlayStation Vita,CIB,Played,Y,Y,1,24.44,
172,Final Fantasy XII,662248904078,PlayStation 2,CIB,Not started,Y,Y,1,7.00,
173,Final Fantasy XIV Online: A Realm Reborn,662248913537,PlayStation 4,Loose,Played,N,N,1,7.92,
174,Final Fantasy XV,662248915012,PlayStation 4,CIB,Finished,Y,Y,1,7.49,
175,Fire Emblem Fates: Birthright,045496743154,Nintendo 3DS,CIB,Finished,Y,Y,1,45.39,
176,Fire Emblem Warriors,045496591632,Nintendo Switch,CIB,Played,Y,Y,1,18.23,
177,Fire Emblem: Three Houses,045496593858,Nintendo Switch,CIB,Finished,Y,Y,1,33.00,
178,Ford Racing 2,710425222894,PlayStation 2,CIB,Not started,Y,Y,1,3.77,
179,Ford Racing 3,744788017712,PlayStation 2,Loose,Not started,N,N,1,3.00,Temporary case
180,Forza Horizon,885370404524,XBOX 360,CIB,Played,Y,Y,1,18.50,
181,Forza Horizon 4,N/A,XBOX One,Rental,Played,N/A,N/A,1,,
182,Forza Motorsport 4,885370308099,XBOX 360,CIB,Played,Y,Y,1,9.99,
183,Fossil Fighters,045496740412,Nintendo DS,CIB,Finished,Y,Y,1,26.99,
184,Fossil Fighters: Champions,045496741761,Nintendo DS,Loose,Played,N,N,1,64.55,
185,Foto Showdown,083717241638,Nintendo DS,CIB,Played,Y,Y,1,51.92,
186,Fullmetal Alchemist: Broken Angel,662248904092,PlayStation 2,CIB,Not started,Y,Y,1,20.78,
187,Game Boy Color - Yellow,045496710798,Console,Loose,N/A,N,N,1,70.52,
188,GBA Video Pokemon: For Ho-Oh The Bells Toll and A Hot Water Battle,045496734138,Nintendo GBA,Loose,Finished,N,N,1,11.19,
189,GBA Video Sonic X: A Super Sonic Hero,096427013501,Nintendo GBA,Loose,Finished,N,N,1,9.95,
190,Gears of War 3,N/A,XBOX 360,Rental,Played,N/A,N/A,1,,
191,Ghost of Tsushima,711719519065,PlayStation 4,CIB,Played,Y,Y,1,19.29,
192,Ghostwire: Tokyo [Deluxe Edition],093155175464,PlayStation 5,CIB,Played,Y,Y,1,36.23,Steelbook
193,Goblin Commander,032264192016,PlayStation 2,CIB,Not started,Y,Y,1,10.27,
194,God of War,711719506133,PlayStation 4,CIB,Finished,Y,Y,1,10.57,
195,God of War Saga,711719990697,PlayStation 3,CIB,Played,Y,Y,1,16.08,
196,Google Stadia [Premiere Edition],N/A,Console,CIB,N/A,Y,Y,1,,
197,Gran Turismo 3: A-spec [Greatest Hits],711719710226,PlayStation 2,CIB,Not started,Y,Y,1,6.97,
198,Gran Turismo 4,711719732822,PlayStation 2,CIB,Not started,Y,Y,1,9.64,
199,Grand Theft Auto 5,710425475252,PlayStation 4,Loose,Finished,N,N,1,9.89,
200,Grand Theft Auto III,710425270796,PlayStation 2,CIB,Played,Y,Y,1,10.92,
201,Grand Theft Auto IV,710425370113,PlayStation 3,CIB,Played,Y,Y,1,8.40,
202,Grand Theft Auto V,710425491269,XBOX 360,CIB,Finished,Y,Y,1,6.14,
203,Grand Theft Auto Vice City,710425273889,PlayStation 2,CIB,Played,Y,Y,1,10.70,
204,Grand Theft Auto: Liberty City Stories,710425236969,PlayStation Portable,CIB,Played,Y,Y,1,24.00,
205,Guitar Hero 5,047875958890,Nintendo Wii,CIB,Played,Y,Y,1,22.37,
206,Guitar Hero On Tour,047875953956,Nintendo DS,Loose,Played,N,N,1,5.35,
207,Guitar Hero On Tour: Decades,047875955554,Nintendo DS,Loose,Played,N,N,1,5.88,
208,Guitar Hero: World Tour,047875955530,Nintendo Wii,CIB,Played,Y,Y,1,17.98,
209,Hades,045496597634,Nintendo Switch,CIB,Played,Y,Y,1,24.58,
210,Half-Life,020626712354,PlayStation 2,CIB,Not started,Y,Y,1,51.07,
211,Halo 3,882224444477,XBOX 360,CIB,Played,Y,Y,1,7.66,
212,Halo 4,885370429688,XBOX 360,CIB,Played,Y,Y,1,5.78,
213,Halo: Reach,885370040159,XBOX 360,CIB,Finished,Y,Y,1,6.44,
214,Hatsune Miku Project Dive F2nd,010086620061,PlayStation Vita,CIB,Finished,Y,Y,1,27.36,
215,Hellblade: Senua's Sacrifice,N/A,XBOX One,Rental,Played,N/A,N/A,1,,
216,Herdy Gerdy,788687500371,PlayStation 2,CIB,Not started,Y,Y,1,7.99,
217,Home on the Range,712725001513,Nintendo GBA,Loose,Played,N,N,1,4.14,
218,Horizon: Zero Dawn,711719503484,PlayStation 4,CIB,Played,Y,Y,1,10.43,
219,Hot Wheels: Stunt Track Challenge,752919460511,PlayStation 2,CIB,Played,Y,Y,1,9.47,
220,Hot Wheels: World Race,785138380308,Nintendo GameCube,CIB,Not started,Y,Y,1,16.99,
221,inFamous 2,711719812524,PlayStation 3,CIB,Played,Y,Y,1,7.79,
222,Invizimals,711719874621,PlayStation Portable,CIB,Played,Y,Y,1,14.11,
223,Jimmy Neutron: Attack of the Twonkies,752919460580,PlayStation 2,CIB,Played,Y,Y,1,7.69,
224,Judgment,010086632705,PlayStation 5,CIB,Finished,Y,Y,1,20.49,
225,Juiced,752919460658,PlayStation 2,CIB,Not started,Y,Y,1,9.48,
226,Jurassic Park,010086025118,Sega Game Gear,Loose,Not started,N,N,1,9.66,Temporary case.
227,Jurassic World: Evolution,N/A,XBOX One,Rental,Played,N/A,N/A,1,,
228,Kane & Lynch 2: Dog Days,662248910109,PlayStation 3,CIB,Not started,Y,Y,1,5.57,
229,Kinect Adventures!,717565888225,XBOX 360,CIB,Played,Y,Y,1,2.93,
230,Kingdom Hearts HD 1.5 + 2.5 Remix,662248919249,PlayStation 4,CIB,Played,Y,Y,1,9.34,
231,Kingdom Hearts HD 1.5 Remix,662248913315,PlayStation 3,CIB,Played,Y,Y,1,5.00,
232,Kingdom Hearts HD 2.5 Remix (Limited Edition),662248915180,PlayStation 3,CIB,Not started,Y,Y,1,16.99,
233,Kingdom Hearts: Birth by Sleep,662248910086,PlayStation Portable,CIB,Not started,Y,Y,1,15.63,
234,Kya: Dark Lineage,742725239630,PlayStation 2,Loose,Not started,N,N,1,9.00,
235,Legend of Heroes: Trails of Cold Steel,853466001810,PlayStation Vita,CIB,Played,Y,N,1,47.52,
236,Legend of Heroes: Trails of Cold Steel III [Extracurricular Edition],810023035084,Nintendo Switch,CIB,Not started,Y,Y,1,40.09,
237,LEGO Batman 2: DC Super Heroes,883929243617,XBOX 360,CIB,Finished,Y,Y,1,6.24,
238,LEGO Battles,883929069859,Nintendo DS,CIB,Played,Y,Y,1,6.41,
239,Lego City Undercover,883929580224,Nintendo Switch,CIB,Played,Y,Y,1,16.75,
240,LEGO Harry Potter Years 1-4,883929119530,Nintendo Wii,CIB,Finished,Y,Y,1,6.38,
241,LEGO Harry Potter Years 5-7,883929187560,XBOX 360,CIB,Finished,Y,Y,1,7.36,
242,LEGO Indiana Jones 2: The Adventure Continues,023272339630,Nintendo Wii,CIB,Finished,Y,Y,1,6.09,
243,LEGO Indiana Jones 2: The Adventure Continues,023272339371,PlayStation Portable,CIB,Finished,Y,Y,1,9.18,
244,LEGO Indiana Jones: The Original Adventures,023272333355,PlayStation 2,CIB,Finished,Y,Y,1,6.32,
245,LEGO Indiana Jones: The Original Adventures,023272333614,Nintendo DS,CIB,Played,Y,Y,1,7.95,
246,Lego Marvel Super Heroes 2,883929597802,PlayStation 4,CIB,Finished,Y,Y,1,9.95,
247,LEGO Pirates of the Caribbean,712725021290,XBOX 360,CIB,Finished,Y,Y,1,11.99,
248,LEGO Rock Band,883929077809,Nintendo Wii,CIB,Finished,Y,Y,1,7.95,
249,LEGO Star Wars 2: The Original Trilogy,023272329358,PlayStation 2,CIB,Finished,Y,Y,1,6.37,
250,LEGO Star Wars III: The Clone Wars,023272342760,XBOX 360,CIB,Finished,Y,Y,1,8.97,
251,Lego Star Wars: The Complete Saga,023272330385,PlayStation 3,CIB,Played,Y,Y,1,12.95,
252,LEGO Star Wars: The Skywalker Saga [Deluxe Edition],883929729289,PlayStation 5,CIB,Played,Y,Y,1,60.00,Steelbook
253,LEGO Star Wars: The Video Game,788687500333,PlayStation 2,CIB,Finished,Y,Y,1,6.61,
254,Let's Ride!: Dreamer,755142781064,Nintendo GBA,Loose,Not started,N,N,1,4.09,
255,Life is Strange,662248916712,XBOX One,CIB,Finished,Y,N,1,11.92,
256,Life is Strange: True Colors,662248925073,PlayStation 5,CIB,Finished,Y,Y,1,15.00,
257,Line Rider 2: Unbound,796019813020,Nintendo DS,CIB,Played,Y,Y,1,4.65,
258,LittleBigPlanet 3 (Day 1 Edition),711719500254,PlayStation 4,CIB,Played,Y,Y,1,8.80,
259,Lost Dimension,730865200092,PlayStation Vita,CIB,Played,Y,Y,1,64.53,
260,Lost Judgment,010086632712,PlayStation 5,CIB,Not started,Y,Y,1,20.00,Steelbook
261,Madagascar,047875807570,PlayStation 2,CIB,Played,Y,Y,1,8.58,
262,Madden NFL 96,014633074932,Sega Genesis,CIB,Not started,Y,Y,1,9.63,
263,Mafia,710425271212,PlayStation 2,CIB,Not started,Y,Y,1,11.26,
264,Mafia III,710425496653,XBOX One,Loose,Played,Y,N,1,6.85,
265,Magical Mirror starring Mickey Mouse,045496960360,Nintendo GameCube,CIB,Played,Y,Y,1,15.72,
266,Maneater,N/A,PlayStation 4,Rental,Played,N/A,N/A,1,,
267,Mario + Rabbids Kingdom Battle,887256028305,Nintendo Switch,CIB,Played,Y,Y,1,14.50,
268,Mario and Sonic at the Olympic Games (PAL),010086670127,Nintendo DS,CIB,Played,Y,Y,1,7.87,
269,Mario Golf Toadstool Tour [Player's Choice],045496960933,Nintendo GameCube,CIB,Played,Y,Y,1,22.22,
270,Mario Hoops 3 on 3,045496737344,Nintendo DS,CIB,Not started,Y,Y,1,18.78,
271,Mario Kart 64,045496870027,Nintendo 64,Loose,Not started,N,N,1,45.00,
272,Mario Kart Wii,045496901011,Nintendo Wii,CIB,Played,Y,Y,1,29.99,
273,Mario Power Tennis,045496962036,Nintendo GameCube,CIB,Not started,Y,Y,1,36.33,
274,Mario Superstar Baseball,045496962975,Nintendo GameCube,CIB,Played,Y,Y,1,59.99,
275,Marvel Spider-Man,711719506126,PlayStation 4,CIB,Finished,Y,Y,1,9.84,
276,Marvel Spider-Man: Miles Morales [Launch Edition],711719801795,PlayStation 5,CIB,Finished,Y,Y,1,20.00,
277,Mass Effect 3,014633195842,PlayStation 3,CIB,Not started,Y,Y,1,4.16,
278,Mass Effect Trilogy [Steelbook],014633198065,PlayStation 3,CIB,Played,Y,Y,1,17.91,
279,Mass Effect: Andromeda,014633370300,XBOX One,CIB,Played,Y,Y,1,5.71,
280,Matchbox: Cross Town Heroes,785138321080,Nintendo GBA,Loose,Played,N,N,1,5.32,
281,Max Payne 3,710425376061,PlayStation 3,CIB,Finished,Y,Y,1,10.61,
282,Maximo vs. Army of Zin,013388260256,PlayStation 2,CIB,Not started,Y,Y,1,29.72,
283,McFarlane's Evil Prophecy,083717200574,PlayStation 2,CIB,Not started,Y,Y,1,12.36,
284,Medabots AX: Rokusho,719593020240,Nintendo GBA,CIB,Not started,Y,Y,1,59.91,
285,Medal of Honor: Frontline,014633143812,PlayStation 2,CIB,Played,Y,Y,1,3.99,
286,Mega Man X7,013388260201,PlayStation 2,CIB,Not started,Y,Y,1,18.18,
287,Mega Man: Star Force Dragon,013388320080,Nintendo DS,Loose,Played,N,N,1,82.05,
288,Megaman Battle Network 5: Team Protoman,013388280261,Nintendo GBA,Loose,Played,N,N,1,29.95,
289,Metal Gear Solid 4: Guns of the Patriots,083717201601,PlayStation 3,CIB,Experienced,Y,Y,1,7.03,
290,Metal Gear Solid V: The Phantom Pain,083717202783,PlayStation 4,CIB,Not started,Y,Y,1,15.00,
291,Middle-Earth: Shadow of War,883929583775,XBOX One,CIB,Finished,Y,N,1,4.83,
292,Midnight Club 2,710425271434,PlayStation 2,Loose,Played,N,N,1,6.61,Temporary case
293,Midnight Club 3 [DUB Edition Remix] [Greatest Hits],710425279348,PlayStation 2,CIB,Played,Y,Y,1,24.23,
294,Midnight Club: LA Remix,710425334368,PlayStation Portable,CIB,Played,Y,Y,1,22.00,
295,Midnight Club: Los Angeles,710425392627,XBOX 360,Loose,Played,N,N,1,7.51,
296,Midnight Club: Street Racing [Greatest Hits],710425270529,PlayStation 2,CIB,Played,Y,Y,1,4.97,
297,ModNation Racers,711719874126,PlayStation Portable,CIB,Played,Y,Y,1,7.75,
298,Modnation Racers: Roadtrip,711719220015,PlayStation Vita,CIB,Played,Y,Y,1,13.99,
299,Monark [Deluxe Edition],810023037644,Nintendo Switch,CIB,Played,Y,Y,1,29.99,
300,Monster Crown,852103006843,Nintendo Switch,CIB,Played,Y,Y,1,19.99,
301,Monster Hunter 3 Ultimate,013388305100,Nintendo 3DS,CIB,Played,Y,Y,1,19.65,
302,Muramasa: rebirth,893610001709,PlayStation Vita,CIB,Played,Y,Y,1,62.50,
303,MX World Tour,650008399288,PlayStation 2,CIB,Not started,Y,Y,1,3.89,
304,My Hero One's Justice 2,722674121774,PlayStation 4,CIB,Played,Y,N,1,15.48,Steelbook
305,MySims,014633358131,Nintendo Wii,CIB,Finished,Y,Y,1,7.07,
306,MySims Agents,014633362701,Nintendo Wii,CIB,Finished,Y,Y,1,6.31,
307,MySims Kingdom,014633155501,Nintendo Wii,CIB,Finished,Y,Y,1,8.90,
308,MySims: Party,014633190977,Nintendo DS,CIB,Played,Y,Y,1,10.12,
309,Naruto Shippuden: Ultimate Ninja Heroes 3,722674150378,PlayStation Portable,CIB,Finished,Y,Y,1,29.95,
310,Naruto Shippuden: Ultimate Ninja Storm 3,722674210751,XBOX 360,CIB,Played,Y,Y,1,9.52,
311,Naruto Shippuden: Ultimate Ninja Storm 4: Road to Boruto,722674120760,PlayStation 4,CIB,Not started,Y,N,1,12.69,
312,Naruto Shippuden: Ultimate Ninja Storm Generations,722674210546,XBOX 360,CIB,Played,Y,Y,1,11.60,
313,Naruto Shippuden: Ultimate Ninja Storm Revolution,722674111720,PlayStation 3,CIB,Not started,Y,Y,1,10.00,
314,Naruto: Clash of Ninja Revolution,053941704018,Nintendo Wii,CIB,Played,Y,Y,1,7.98,
315,Naruto: Ultimate Collection,722674100717,PlayStation 2,CIB,Played,Y,Y,1,36.25,
316,Naruto: Ultimate Ninja Heroes 2,722674150286,PlayStation Portable,CIB,Finished,Y,Y,1,14.45,
317,Naruto: Uzumaki Chronicles,722674100618,PlayStation 2,CIB,Played,Y,Y,1,8.95,
318,NBA 2K13,710425491887,XBOX 360,CIB,Played,Y,Y,1,5.71,
319,NBA 2K14,710425473081,PlayStation 4,CIB,Played,Y,Y,1,8.21,
320,NBA 2K3,010086630213,PlayStation 2,CIB,Not started,Y,Y,1,6.34,
321,NBA 2K6,710425298219,XBOX 360,CIB,Played,Y,Y,1,7.00,
322,NBA Live 2003,014633145373,PlayStation 2,CIB,Not started,Y,Y,1,6.25,
323,NBA Street Vol. 2,014633146219,Nintendo GameCube,CIB,Played,Y,Y,1,34.14,
324,Need for Speed: Heat,014633738452,PlayStation 4,CIB,Played,Y,Y,1,11.20,
325,Need for Speed: High Stakes,014633079746,PlayStation,CIB,Not started,Y,Y,1,12.94,
326,Need for Speed: Hot Pursuit 2,014633144444,PlayStation 2,CIB,Played,Y,Y,1,11.03,
327,Need for Speed: Most Wanted,014633148213,PlayStation 2,CIB,Played,Y,Y,1,15.45,
328,Need for Speed: Most Wanted,014633149418,Nintendo GBA,Loose,Played,N,N,1,7.65,
329,Need for Speed: Underground,014633147025,PlayStation 2,CIB,Played,Y,Y,1,11.68,
330,Need for Speed: Underground 2,014633148435,PlayStation 2,CIB,Played,Y,Y,1,23.69,
331,NEO: The World Ends With You,662248925219,PlayStation 4,CIB,Played,Y,Y,1,20.08,
332,Neopets: Puzzle Adventure,013388320134,Nintendo DS,CIB,Played,Y,Y,1,9.99,
333,Neopets: The Darkest Faerie,047875881853-1,PlayStation 2,CIB,Played,Y,Y,1,$9.39,
334,Neopets: The Darkest Faerie,047875881853-2,PlayStation 2,CIB,Played,Y,Y,1,$9.39,
335,New Super Lucky's Tale,N/A,XBOX One,Rental,Played,N/A,N/A,1,,
336,New Super Mario Bros.,045496737320,Nintendo DS,CIB,Played,Y,Y,1,18.33,
337,NHL 95,014633071948,Sega Genesis,CIB,Not started,Y,Y,1,9.56,
338,Ni no Kuni: Wrath of the White Witch,722674110716,PlayStation 3,SIB,Not started,Y,Y,1,13.78,
339,Nicktoons Movin',752919460528,PlayStation 2,CIB,Played,Y,Y,1,7.36,
340,Nicktoons: Battle for Volcano Island,752919460986,PlayStation 2,CIB,Played,Y,Y,1,9.39,
341,Nier: Automata,662248919607,PlayStation 4,CIB,Played,Y,Y,1,11.60,
342,Night in the Woods,N/A,XBOX One,Rental,Finished,N/A,N/A,1,,
343,Nintendo 3DS - Flame Red,763615836319,Console,Loose,N/A,N,N,1,138.28,
344,Nintendo 3DS XL - Majora's Mask Limited Edition,045496781576,Console,CIB,N/A,Y,Y,1,459.35,
345,Nintendo DS - Silver,N/A,Console,Loose,N/A,N,N,1,$20.00,Estimated.
346,Nintendo DSi - Black,045496718749,Console,Loose,N/A,N,N,1,38.89,
347,Nintendo Switch - Gray Joy-Cons,N/A,Console,Loose,N/A,N,N,1,$150.00,Estimated.
348,Nintendogs: Chihuahua & Friends,045496736439,Nintendo DS,CIB,Played,Y,Y,1,8.95,
349,Observation,N/A,XBOX One,Rental,Played,N/A,N/A,1,,
350,Oculus Quest,N/A,Console,Loose,N/A,N,N,1,,
351,One Piece: Pirate Warriors 3,722674120111,PlayStation 4,CIB,Finished,Y,Y,1,15.00,
352,One Piece: Pirate Warriors 4,722674121873,PlayStation 4,CIB,Played,Y,N,1,24.70,
353,One Piece: Unlimited World R (Day One Edition),722674150446,PlayStation Vita,CIB,Played,Y,Y,1,28.90,
354,Overwatch,047875877603,PlayStation 4,CIB,Played,Y,Y,1,10.87,
355,Patapon 3,711719875123,PlayStation Portable,CIB,Played,Y,Y,1,32.99,
356,Payday 2,812872016757,XBOX 360,CIB,Played,Y,Y,1,5.98,
357,Peggle,N/A,XBOX 360,Rental,Played,N/A,N/A,1,,
358,Persona 4 Golden,730865200009,PlayStation Vita,CIB,Finished,Y,Y,1,38.25,
359,Persona 4: Dancing All Night (Disco Fever Edition),730865200085,PlayStation Vita,CIB,Finished,Y,Y,1,47.75,
360,Persona 5 [Steelbook],730865020065,PlayStation 4,CIB,Played,Y,Y,1,35.90,
361,Persona 5 Royal,730865220267,PlayStation 4,CIB,Finished,Y,Y,1,18.86,
362,Persona 5 Strikers,730865220328,PlayStation 4,CIB,Played,Y,Y,1,11.98,
363,Persona Dancing: Endless Night Collection,730865220212,PlayStation 4,CIB,Played,Y,Y,1,36.50,
364,Persona Q: Shadow of the Labyrinth (with Tarot Cards),730865300174,Nintendo 3DS,CIB,Played,Y,Y,1,39.99,
365,Phantasy Star Online 2,N/A,XBOX One,Digital,Played,N/A,N/A,1,,
366,Phineas and Ferb,712725004552,Nintendo DS,CIB,Not started,Y,Y,1,7.03,
367,Pillars of Eternity: Complete Edition,N/A,XBOX One,Rental,Played,N/A,N/A,1,,
368,Pimp my Ride,047875752979,PlayStation 2,CIB,Played,Y,Y,1,8.48,
369,PlayStation 3 - Black (160 GB),N/A,Console,Loose,N/A,N,N,1,$30.00,Estimated.
370,PlayStation 4 - Black (500 GB),711719100348,Console,Loose,N/A,N,N,1,133.65,Unsure of memory.
371,PlayStation 5,711719541028,Console,CIB,N/A,Y, Y ,1,576.14,
372,"PlayStation Vita - White (Series 1000, OLED)",N/A,Console,Loose,N/A,N,N,1,$150.00,Estimated.
373,Pokémon Battle Revolution,045496900168,Nintendo Wii,CIB,Finished,Y,Y,1,29.99,
374,Pokémon Black 2 Version,045496742010,Nintendo DS,Loose,Finished,N,N,1,119.00,
375,Pokemon Brilliant Diamond Version,045496597801,Nintendo Switch,CIB,Played,Y,Y,1,43.00,
376,Pokémon Channel,045496961473,Nintendo GameCube,CIB,Played,Y,Y,1,65.00,
377,Pokémon Colosseum,045496961367,Nintendo GameCube,CIB,Finished,Y,Y,1,133.63,
378,Pokémon Crystal Version,045496731472,Nintendo GBC,Loose,Finished,N,N,1,110.00,
379,Pokémon Crystal Version (JPN),N/A,Nintendo GBC,Loose,Played,N,N,1,,
380,Pokémon Dash (PAL),045496735319,Nintendo DS,CIB,Played,Y,Y,1,52.14,
381,Pokémon Diamond Version,045496738501,Nintendo DS,Loose,Finished,N,N,1,32.96,
382,Pokémon Emerald Version,045496735302,Nintendo GBA,Loose,Finished,N,N,1,167.08,
383,Pokémon Gold Version,045496731212,Nintendo GBC,Loose,Not started,N,N,1,49.95,
384,Pokémon Gold Version (JPN),N/A,Nintendo GBC,Loose,Played,N,N,1,,
385,Pokémon Leafgreen Version,045496734121,Nintendo GBA,Loose,Finished,N,N,1,78.00,
386,Pokémon Legends: Arceus,045496598044,Nintendo Switch,CIB,Played,Y,Y,1,38.00,
387,Pokémon Moon,045496743949,Nintendo 3DS,CIB,Finished,Y,Y,1,20.00,
388,Pokemon Mystery Dungeon Rescue Team DX,045496597054,Nintendo Switch,CIB,Played,Y,Y,1,30.57,
389,Pokémon Mystery Dungeon: Blue Rescue Team,045496737733,Nintendo DS,CIB,Finished,Y,Y,1,27.43,
390,Pokémon Mystery Dungeon: Explorers of Darkness,045496739690,Nintendo DS,CIB,Finished,Y,Y,1,30.25,
391,Pokémon Mystery Dungeon: Explorers of Sky,045496740467,Nintendo DS,CIB,Finished,Y,Y,1,135.69,
392,Pokémon Omega Ruby,045496742928,Nintendo 3DS,CIB,Finished,Y,Y,1,35.00,
393,Pokémon Ranger,045496737368,Nintendo DS,CIB,Finished,Y,Y,1,36.15,
394,Pokémon Ranger: Guardian Signs,045496741051,Nintendo DS,Loose,Finished,N,N,1,30.00,
395,Pokémon Ranger: Shadows of Almia,045496739959,Nintendo DS,Loose,Finished,N,N,1,30.97,
396,Pokémon Red,045496730734,Nintendo GB,Loose,Not started,N,N,1,62.40,
397,Pokémon Ruby (Fake),N/A,Nintendo GBA,Loose,Not started,N,N,1,$5.00,Estimated
398,Pokémon Rumble Blast,045496741709,Nintendo 3DS,CIB,Played,Y,Y,1,20.54,
399,Pokémon Sapphire Version,045496732547,Nintendo GBA,Loose,Finished,N,N,1,56.50,
400,Pokémon Shield,045496596620,Nintendo Switch,CIB,Finished,Y,Y,1,30.00,
401,Pokémon Silver Version,045496731229,Nintendo GBC,Loose,Not started,N,N,1,47.36,
402,Pokémon Silver Version (JPN),N/A,Nintendo GBC,Loose,Played,N,N,1,,
403,Pokémon Snap,045496870478,Nintendo 64,Loose,Not started,N,N,1,19.27,
404,Pokemon SoulSilver Version,045496740634,Nintendo DS,Loose,Finished,N,N,1,157.25,
405,Pokémon Stadium,045496870508,Nintendo 64,Loose,Played,N,N,1,34.09,
406,Pokémon Sun Version,045496743932,Nintendo 3DS,Loose,Finished,N,N,1,17.00,
407,Pokémon Trozei,045496737146,Nintendo DS,CIB,Played,Y,Y,1,37.95,
408,Pokémon Ultra Sun,045496904555,Nintendo 3DS,CIB,Finished,Y,Y,1,39.89,
409,Pokémon XD: Gale of Darkness,045496963040,Nintendo GameCube,CIB,Finished,Y,Y,1,189.75,
410,Pokémon Y,045496742508,Nintendo 3DS,CIB,Finished,Y,Y,1,33.17,
411,Pokémon Yellow Version,045496730895,Nintendo GB,Loose,Not started,N,N,1,52.49,
412,Pokémon: FireRed Version,045496734114,Nintendo GBA,CIB,Finished,Y,Y,1,277.50,
413,"Pokémon: Let's Go, Pikachu!",045496593940,Nintendo Switch,CIB,Played,Y,Y,1,31.71,
414,Poképark Wii: Pikachu's Adventure,045496901950,Nintendo Wii,CIB,Played,Y,Y,1,35.00,
415,Portal 2,014633365252,XBOX 360,CIB,Finished,Y,Y,1,7.43,
416,Power Rangers: Dino Thunder,785138321660,Nintendo GBA,Loose,Not started,N,N,1,9.39,
417,Prototype,047875836174,XBOX 360,CIB,Played,Y,Y,1,5.79,
418,Psychonauts,N/A,XBOX,Rental,Played,N/A,N/A,1,,
419,Quantum Break,N/A,XBOX One,Rental,Played,N/A,N/A,1,N/A,
420,Quest 64,785138301037,Nintendo 64,Loose,Not started,N,N,1,16.37,
421,R: Racing Evolution,722674100038,PlayStation 2,CIB,Not started,Y,Y,1,10.34,
422,Ratchet & Clank: Rift Apart [Launch Edition],711719548256,PlayStation 5,CIB,Finished,Y,Y,1,30.46,
423,Ratchet and Clank: Going Commando,711719726821,PlayStation 2,CIB,Not started,Y,Y,1,15.01,
424,Red Dead Redemption,710425375736,PlayStation 3,CIB,Experienced,Y,Y,1,9.95,
425,Red Dead Redemption: Undead Nightmare,710425379338,PlayStation 3,CIB,Not started,Y,Y,1,12.00,
426,Resident Evil 2,013388560523,PlayStation 4,CIB,Experienced,Y,Y,1,13.48,
427,Return to Castle Wolfenstein,047875804456,PlayStation 2,CIB,Not started,Y,Y,1,11.95,
428,Ringling Bros. and Barnum & Bailey Circus,710425346224,Nintendo Wii,CIB,Not started,Y,Y,1,3.99,
429,Rise of the Tomb Raider,885370982305,XBOX One,Loose,Finished,N,N,1,6.44,
430,Robots,020626722353-1,PlayStation 2,CIB,Played,Y,Y,1,7.24,
431,Robots,020626722353-2,PlayStation 2,CIB,Played,Y,Y,1,$6.50,
432,Rock Band 2,014633191134,Nintendo Wii,CIB,Played,Y,Y,1,10.00,
433,Rock Band 3,014633195200,Nintendo Wii,CIB,Played,Y,Y,1,24.00,
434,Rock Band Track Pack Volume 2,014633190663,Nintendo Wii,CIB,Played,Y,Y,1,9.64,
435,Rocket Power: Beach Bandits,752919460177,PlayStation 2,CIB,Played,Y,Y,1,11.64,
436,Rocket Power: Zero Gravity Zone,785138321400,Nintendo GBA,Loose,Played,N,N,1,2.16,
437,Ryse: Son of Rome,N/A,XBOX One,Rental,Finished,N/A,N/A,1,N/A,
438,Sackboy: A Big Adventure,711719823926,PlayStation 5,CIB,Played,Y,Y,1,23.46,
439,Saints Row IV,816819010709,XBOX 360,CIB,Finished,Y,Y,1,8.55,
440,Sakura Wars,010086632521,PlayStation 4,CIB,Played,Y,Y,1,18.86,
441,Scarface: The World is Yours,020626722810,PlayStation 2,CIB,Played,Y,Y,1,39.99,
442,Scribblenauts,883929088867,Nintendo DS,Loose,Finished,N,N,1,4.79,
443,Sea of Solitude,N/A,XBOX One,Rental,Played,N/A,N/A,1,,
444,Senran Kagura: Shinovi Versus (Let's Get Physical Version),853466001698,PlayStation Vita,CIB,Played,Y,Y,1,72.86,
445,Shadow of the Colossus [Greatest Hits],711719747222,PlayStation 2,CIB,Not started,Y,Y,1,15.79,
446,Shamu's Deep Sea Adventures,047875751217,Nintendo DS,CIB,Played,Y,Y,1,7.06,
447,Shark Tale,047875806979,PlayStation 2,CIB,Played,Y,Y,1,6.51,
448,Shaun Palmer's Pro Snowboarder,047875801837,PlayStation 2,CIB,Played,Y,Y,1,6.08,
449,Shin Megami Tensei Devil Survivor 2: Overclocked [Launch Edition],N/A,Nintendo 3DS,CIB,Not started,Y,Y,1,,
450,Shin Megami Tensei III: Nocturne HD Remaster,730865220373,Nintendo Switch ,CIB,Played,Y,Y,1,16.16,
451,Shin Megami Tensei V [Premium Edition],N/A,Nintendo Switch,CIB,Played,Y,Y,1,,
452,Shox,014633143744,PlayStation 2,CIB,Not started,Y,Y,1,18.78,
453,Shrek Superslam,047875809772,PlayStation 2,Loose,Not started,N,N,1,5.99,Temporary case
454,Sleeping Dogs,662248912127,XBOX 360,CIB,Finished,Y,Y,1,5.97,
455,Sly Cooper and the Thievius Raccoonus [Greatest Hits],711719719823,PlayStation 2,CIB,Not started,Y,Y,1,19.88,
456,Sly Cooper: Thieves in Time,711719982470,PlayStation 3,CIB,Not started,Y,Y,1,23.99,
457,Smash Cars,650001333159,PlayStation 2,CIB,Not started,Y,Y,1,11.37,
458,Sonic Adventure 2 Battle [Player's Choice],010086610079,Nintendo GameCube,CIB,Finished,Y,Y,1,50.00,
459,Sonic Adventure DX,010086610260,Nintendo GameCube,CIB,Finished,Y,Y,1,42.11,
460,Sonic Colors Ultimate [Launch Edition] ,010086632590,PlayStation 4,CIB,Played,Y,Y,1,18.00,
461,Sonic Gems Collection,010086610444,Nintendo GameCube,CIB,Played,Y,Y,1,47.64,
462,Sonic Mega Collection [Player's Choice],010086610239,Nintendo GameCube,CIB,Played,Y,Y,1,17.99,
463,Sonic Rivals,010086660098,PlayStation Portable,CIB,Played,Y,Y,1,19.49,
464,Sonic Rivals 2,010086660227,PlayStation Portable,CIB,Played,Y,Y,1,24.97,
465,Soul Calibur Legends,722674800051,Nintendo Wii,CIB,Played,Y,Y,1,9.29,
466,Soul Calibur: Broken Destiny,722674150309,PlayStation Portable,CIB,Played,Y,Y,1,28.20,
467,Space Race,742725226340,PlayStation 2,CIB,Not started,Y,Y,1,13.50,
468,Spectrobes,712725002763,Nintendo DS,CIB,Played,Y,Y,1,8.50,
469,Spectrobes: Beyond the Portals,712725016678,Nintendo DS,CIB,Played,Y,Y,1,12.12,
470,Spectrobes: Origins,712725005016,Nintendo Wii,CIB,Not started,Y,Y,1,12.88,
471,Spider-Man,047875803015,PlayStation 2,CIB,Played,Y,Y,1,8.03,
472,Spider-Man 2,047875805910,Nintendo GBA,Loose,Played,N,N,1,5.72,
473,Spiritfarer,N/A,XBOX One,Rental,Played,N/A,N/A,0,,
474,Spongebob Squarepants: Battle for Bikini Bottom [Greatest Hits],752919460375,PlayStation 2,CIB,Finished,Y,Y,1,11.45,
475,"Spongebob Squarepants: Lights, Camera, Pants!",752919460726,PlayStation 2,CIB,Finished,Y,Y,1,8.43,
476,Spongebob Squarepants: Revenge of the Flying Dutchman,785138321172,Nintendo GBA,Loose,Played,N,N,1,4.95,
477,Spongebob Squarepants: The Movie,752919460542,PlayStation 2,CIB,Finished,Y,Y,1,13.87,
478,Spongebob Squarepents: Battle for Bikini Bottom: Rehydrated,811994022158,PlayStation 4,CIB,Finished,Y,Y,1,12.49,
479,SPORE: Creatures,014633153309,Nintendo DS,Loose,Not started,N,N,1,5.44,
480,Sports Talk Football '93 Starring Joe Montana,010086012163,Sega Genesis,CIB,Not started,Y,Y,1,5.44,
481,Spy Hunter,031719268238,PlayStation 2,CIB,Played,Y,Y,1,8.49,
482,SSX,N/A,XBOX 360,Rental,Played,N/A,N/A,1,,
483,Star Wars Battlefront 2 (Elite Trooper Deluxe Edition),014633372311,PlayStation 4,CIB,Finished,Y,Y,1,9.90,
484,Star Wars Battlefront: Elite Squadron,023272335397,PlayStation Portable,CIB,Played,Y,Y,1,17.17,
485,Star Wars Episode I Racer,045496870416,Nintendo 64,Loose,Not started,N,N,1,9.50,
486,Star Wars Episode III: Revenge of the Sith [Greatest Hits],023272327354,PlayStation 2,CIB,Played,Y,Y,1,5.99,
487,Star Wars Jedi: Fallen Order (Deluxe Edition),014633376159,PlayStation 4,CIB,Finished,Y,Y,1,12.00,
488,Star Wars: Battlefront [Greatest Hits],023272324353,PlayStation 2,CIB,Finished,Y,Y,1,9.27,
489,Star Wars: Battlefront 2,023272328399,PlayStation Portable,CIB,Played,Y,Y,1,14.00,
490,Star Wars: Battlefront 2 [Greatest Hits],023272328351,PlayStation 2,CIB,Finished,Y,Y,1,10.84,
491,Star Wars: Bounty Hunter,023272659356,PlayStation 2,CIB,Played,Y,Y,1,14.02,
492,Star Wars: Starfighter,023272655358,PlayStation 2,CIB,Not started,Y,Y,1,6.00,
493,Star Wars: The Clone Wars,023272320355,PlayStation 2,CIB,Not started,Y,Y,1,10.00,
494,Star Wars: The Force Unleashed,023272332648,Nintendo Wii,CIB,Played,Y,Y,1,4.61,
495,Star Wars: The Force Unleashed 2,023272341763,XBOX 360,CIB,Not started,Y,Y,1,7.00,Steelbook included.
496,Starfox 64,045496870270,Nintendo 64,Loose,Not started,N,N,1,25.46,
497,Starfox Adventures,045496960063,Nintendo GameCube,CIB,Not started,Y,Y,1,40.50,
498,State of Decay 2: Juggernaut Edition,N/A,XBOX One,Rental,Played,N/A,N/A,1,,
499,Stranger of Paradise: Final Fantasy Origin,662248925929,PlayStation 5,CIB,Played,Y,Y,1,23.59,
500,Stuntman: Ignition,752919461112,PlayStation 2,CIB,Played,Y,Y,1,5.37,
501,Suite Life of Zack and Cody,712725002602,Nintendo DS,CIB,Played,Y,Y,1,4.72,
502,Super Dragon Ball Z,742725273962,PlayStation 2,CIB,Played,Y,Y,1,24.49,
503,Super Mario 64,045496870010,Nintendo 64,Loose,Played,N,N,1,35.68,
504,Super Mario Bros. Deluxe,045496730925,Nintendo GBC,Loose,Not started,N,N,1,21.77,
505,Super Mario Odyssey,045496590741,Nintendo Switch,CIB,Finished,Y,Y,1,34.06,
506,Super Mario Strikers,045496963255,Nintendo GameCube,Loose,Played,Y,N,1,45.74,
507,Super Monkey Ball 2 [Player's Choice],010086610123-1,Nintendo GameCube,CIB,Not started,Y,Y,1,22.23,
508,Super Monkey Ball 2 [Player's Choice],010086610123-2,Nintendo GameCube,CIB,Not started,Y,Y,1,$31.92,
509,Super Scribblenauts,883929137138,Nintendo DS,CIB,Played,Y,Y,1,4.95,
510,Super Smash Bros. 3DS,045496742904,Nintendo 3DS,CIB,Played,Y,Y,1,12.29,
511,Super Smash Bros. Ultimate,045496592998,Nintendo Switch,CIB,Played,Y,Y,1,38.37,
512,Sword Art Online: Lost Song,722674120326,PlayStation 4,CIB,Not started,Y,Y,1,10.60,
513,Syphon Filter 2,711719445128,PlayStation,CIB,Played,Y,Y,1,12.22,
514,TABS: Totally Accurate Battle Simulator,N/A,XBOX One,Rental,Played,N/A,N/A,1,,
515,Tales of Arise,722674221313,Xbox Series X,CIB,Played,Y,Y,1,18.11,
516,Tales of Hearts R,722674150415,PlayStation Vita,CIB,Played,Y,Y,1,53.58,
517,Tekken 4,722674021296,PlayStation 2,CIB,Not started,Y,Y,1,11.64,
518,Tekken 5,722674100229,PlayStation 2,CIB,Not started,Y,Y,1,19.52,
519,Tekken TAG Tournament,722674021036,PlayStation 2,CIB,Not started,Y,Y,1,12.99,
520,Tetris Effect: Connected,N/A,XBOX One,Rental,Played,N/A,N/A,1,,
521,The Binding of Isaac: Afterbirth +,867528000307,Nintendo Switch,CIB,Finished,Y,Y,1,49.91,
522,The Con,711719862123,PlayStation Portable,CIB,Not started,Y,Y,1,6.40,
523,The Elder Scrolls V: Skyrim (Special Edition),093155171251,PlayStation 4,CIB,Played,Y,Y,1,12.62,
524,The Fast and the Furious,722674100496,PlayStation 2,CIB,Not started,Y,Y,1,11.98,
525,The Getaway: Black Monday,711719740827,PlayStation 2,CIB,Not started,Y,Y,1,11.71,
526,The Godfather: The Game,014633149746,PlayStation 2,CIB,Not started,Y,Y,1,14.99,
527,The Great Ace Attorney Chronicles, 013388410248,Nintendo Switch,CIB,Played,Y,N,1,,
528,The Ico & Shadow of the Colossus Collection,711719825920,PlayStation 3,CIB,Played,Y,Y,1,13.97,
529,The Last of Us: Remastered,711719051794,PlayStation 4,CIB,Experienced,Y,N,1,13.83,
530,The Legend of Zelda: A Link to the Past,045496731823,Nintendo GBA,Loose,Not started,N,N,1,35.71,
531,The Legend of Zelda: Breath of the Wild,045496590420,Nintendo Switch,CIB,Played,Y,Y,1,35.50,
532,The Legend of Zelda: Majora's Mask [Collector's Edition],045496870775,Nintendo 64,Loose,Not started,N,N,1,62.69,
533,The Legend of Zelda: Ocarina of Time,045496870041,Nintendo 64,Loose,Not started,N,N,1,43.87,
534,The Outer Worlds,N/A,XBOX One,Rental,Played,N/A,N/A,1,,
535,The Simpsons: Hit & Run [Greatest Hits],020626721110,PlayStation 2,CIB,Played,Y,Y,1,49.50,
536,The Simpsons: Road Rage [Greatest Hits],014633143850,PlayStation 2,CIB,Played,Y,Y,1,12.99,
537,The Sims,N/A,PC,CIB,Played,Y,Y,1,Not available.,
538,The Sims,014633146257,Nintendo GameCube,CIB,Not started,Y,Y,1,10.85,
539,The Sims 2,014633151282,Nintendo GameCube,CIB,Not started,Y,Y,1,22.97,
540,The Sims 2: Castaway,014633157352,PlayStation 2,CIB,Played,Y,Y,1,14.90,
541,The Sims 2: Double Deluxe,N/A,PC,CIB,Played,Y,Y,1,Not available.,
542,The Sims 2: Fun with Pets,N/A,PC,CIB,Played,Y,Y,1,Not available.,
543,The Sims 2: Pets,014633152449,Nintendo GameCube,CIB,Not started,Y,Y,1,12.00,
544,The Sims 2: University,N/A,PC,CIB,Played,Y,Y,1,Not available.,
545,The Sims 3: Fast Lane,N/A,PC,CIB,Played,Y,Y,1,Not available.,
546,The Sims 3: High End Loft,N/A,PC,CIB,Played,Y,Y,1,Not available.,
547,The Sims 4,N/A,XBOX One,Rental,Played,N/A,N/A,1,,
548,The Sims: Bustin' Out,014633147254,Nintendo GameCube,CIB,Not started,Y,Y,1,11.80,
549,The Sims: Complete Collection,N/A,PC,CIB,Played,Y,Y,1,Not available.,
550,The Touryst,N/A,XBOX One,Rental,Played,N/A,N/A,1,,
551,The Urbz: Sims in the City [Special Edition],014633148558,Nintendo GameCube,CIB,Played,Y,Y,1,19.55,
552,The Witcher III: Wild Hunt,883929556502,XBOX One,CIB,Played,Y,Y,1,15.00,
553,The Wolf Among Us: A Telltale Series,894515001368,PlayStation 4,CIB,Finished,Y,N,1,24.43,
554,The World Ends With You,662248908014,Nintendo DS,Loose,Played,N,N,1,29.75,
555,Thunderstrike: Operation Phoenix,788687500043,PlayStation 2,CIB,Not started,Y,Y,1,5.50,
556,Tokobot Plus: Mysteries of the Karakuri,018946010472,PlayStation 2,SIB,Not started,Y,Y,1,27.49,
557,Tokyo Mirage Sessions FE Encore,045496596927,Nintendo Switch,CIB,Played,Y,Y,1,37.99,
558,Tom Clancy's The Division 2,887256036362,XBOX One,CIB,Played,Y,Y,1,6.00,
559,Tony Hawk's Pro Skater 1 + 2,047875884731,PlayStation 4,CIB,Played,Y,Y,1,12.50,
560,Tony Hawk's Pro Skater 3,047875801950,Nintendo GameCube,CIB,Not started,Y,Y,1,12.49,
561,Tony Hawk's Pro Skater 4,047875804074,Nintendo GameCube,CIB,Not started,Y,Y,1,9.32,
562,Tony Hawk's Underground [Greatest Hits],047875806399,PlayStation 2,CIB,Played,Y,Y,1,12.00,
563,Tony Hawk's Underground 2,047875808072,Nintendo GameCube,CIB,Played,Y,Y,1,19.99,
564,Transformers: Autobots,047875819832,Nintendo DS,CIB,Played,Y,Y,1,8.63,
565,Transformers: Dark of the Moon,047875841345,XBOX 360,CIB,Finished,Y,Y,1,14.22,
566,Transformers: Fall of Cybertron,047875843387,XBOX 360,CIB,Finished,Y,Y,1,46.54,
567,Transformers: Rise of the Dark Spark,047875849488,PlayStation 4,CIB,Not started,Y,Y,1,42.37,
568,Triangle Strategy,045496597771,Nintendo Switch,CIB,Played,Y,Y,1,38.25,
569,True Crime: New York City,047875813410,PlayStation 2,CIB,Played,Y,Y,1,21.67,
570,True Crime: Streets of LA,047875804272,PlayStation 2,CIB,Played,Y,Y,1,9.59,
571,Ultimate Board Game Collection,853333001059,PlayStation 2,CIB,Not started,Y,Y,1,4.82,
572,Ultimate Ninja 4: Naruto Shippuden,722674100731,PlayStation 2,CIB,Played,Y,Y,1,25.95,
573,Uncharted : Drake's Fortune,711719810322,PlayStation 3,CIB,Experienced,Y,Y,1,5.70,
574,Uncharted 2: Among Thieves,711719812326,PlayStation 3,CIB,Experienced,Y,Y,1,4.65,
575,Uncharted 3: Drake's Deception,711719823322,PlayStation 3,CIB,Experienced,Y,Y,1,4.59,
576,Uncharted 4: A Thief's End,711719047292,PlayStation 4,CIB,Finished,Y,Y,1,8.08,
577,Undertale,850055007420,Nintendo Switch,CIB,Played,Y,Y,1,24.05,
578,Valkyria Chronicles Remastered,010086632033,PlayStation 4,Loose,Not started,N,N,1,21.56,
579,Vampire Night,722674021197,PlayStation 2,CIB,Not started,Y,Y,1,28.66,
580,Virtue's Last Reward,893610001624,PlayStation Vita,CIB,Played,Y,Y,1,17.75,
581,Wallace and Gromit: Project Zoo,682384410080,Nintendo GameCube,CIB,Not started,Y,Y,1,20.26,
582,"Wario Ware, Inc.: Mega Microgames",045496732370,Nintendo GBA,Loose,Played,N,N,1,47.44,
583,Wasteland 3,N/A,XBOX One,Rental,Played,N/A,N/A,1,,
584,Watch Dogs,008888358046,PlayStation 4,CIB,Finished,Y,Y,1,6.56,
585,Watch Dogs 2,887256022884,PlayStation 4,CIB,Finished,Y,Y,1,7.97,
586,Watch Dogs: Legion,887256090722,XBOX One,CIB,Played,Y,Y,1,11.29,
587,WCW vs. the World,752919470138,PlayStation,CIB,Not started,Y,Y,1,11.05,
588,Weird West,N/A,XBOX One,Rental,Played,N/A,N/A,1,,
589,What Remains of Edith Finch,N/A,XBOX One,Rental,Finished,N/A,N/A,1,N/A,
590,Wonderful 101: Remastered,860003376935,PlayStation 4,CIB,Played,Y,N,1,14.78,
591,World Championship Poker,650008399264,PlayStation 2,CIB,Not started,Y,Y,1,4.30,
592,World of Final Fantasy,662248917474,PlayStation 4,CIB,Played,Y,Y,1,12.99,
593,World of Final Fantasy,662248917511,PlayStation Vita,Loose,Not started,N,N,1,17.77,
594,World of Warcraft: Cataclysm,N/A,PC,CIB,Played,Y,Y,1,Not available.,
595,World of Warcraft: Wrath of the Lick King,N/A,PC,CIB,Played,Y,Y,1,Not available.,
596,World Series of Poker,047875752139,PlayStation 2,CIB,Not started,Y,Y,1,2.77,
597,Wrath Unleashed,023272402358,PlayStation 2,Loose,Not started,N,N,1,3.89,Temporary case
598,WWE Smackdown vs. Raw 2008 [Steelbook],752919990285,PlayStation 3,CIB,Played,Y,Y,1,29.99,
599,XBOX 360 Slim - Black (4 GB),885370138405,Console,Loose,N/A,N,N,1,55.49,
600,XBOX One S - White (500 GB),889842133073,Console,CIB,N/A,N,N,1,199.99,Unsure of model and memory.
601,Xbox Series X,889842640724,Console,CIB,N/A,Y, Y ,1,450.00,
602,Xenoblade Chronicles 2,045496591595,Nintendo Switch,CIB,Played,Y,Y,1,46.25,
603,Xenoblade Chronicles Definitive Edition,045496596958,Nintendo Switch,CIB,Played,Y,Y,1,35.32,
604,Yakuza 0 [Playstation Hits],N/A,PlayStation 4,CIB,Not started,Y,N,1,,With Mano
605,Yakuza 6: The Song of Life [Essence of Art Edition],010086632224,PlayStation 4,CIB,Not started,Y,Y,1,16.80,
606,Yakuza Kiwami [Steelbook Edition],010086632149,PlayStation 4,CIB,Finished,Y,Y,1,20.75,
607,Yakuza Kiwami 2 [Steelbook Edition],010086632361,PlayStation 4,CIB,Played,Y,Y,1,45.16,
608,Yakuza: Like a Dragon [Day Ichi Edition],010086640991,Xbox Series X,CIB,Finished,Y,Y,1,8.99,
609,"Yes, Your Grace",N/A,XBOX One,Rental,Played,N/A,N/A,1,,
610,Yooka-Laylee,N/A,XBOX One,Rental,Played,N/A,N/A,1,N/A,
611,Yoshi's Island DS,045496738167,Nintendo DS,CIB,Played,Y,Y,1,19.03,
612,Ys: Memories of Celceta,853466001605,PlayStation Vita,CIB,Played,Y,Y,1,35.98,
613,Yu-Gi-Oh 5D's Duel Transer,083717400998,Nintendo Wii,CIB,Played,Y,Y,1,12.87,
614,Yu-Gi-Oh 5D's Stardust Accelerator: World Championship Tournament 2009,083717241560,Nintendo DS,CIB,Played,Y,Y,1,25.00,
615,Yu-Gi-Oh 5D's Tag Force 4,083717260530,PlayStation Portable,CIB,Played,Y,Y,1,37.16,
616,Yu-Gi-Oh 5D's Tag Force 5,083717260622,PlayStation Portable,CIB,Played,Y,Y,1,37.99,
617,Yu-Gi-Oh Falsebound Kingdom [Player's Choice],083717400158,Nintendo GameCube,CIB,Not started,Y,Y,1,18.01,
618,Yu-Gi-Oh GX Tag Force 2,083717260356,PlayStation Portable,CIB,Played,Y,Y,1,40.48,
619,Yu-Gi-Oh GX: Duel Academy,083717500674,Nintendo GBA,Loose,Played,N,N,1,29.99,
620,Yu-Gi-Oh GX: Spirit Caller,083717241201,Nintendo DS,CIB,Played,Y,Y,1,22.18,
621,Yu-Gi-Oh GX: The Beginning of Destiny,083717201557,PlayStation 2,CIB,Played,Y,Y,1,50.02,
622,Yu-Gi-Oh: 7 Trials to Glory,083717500513,Nintendo GBA,Loose,Played,N,N,1,16.87,
623,Yu-Gi-Oh: Dark Duel Stories,083717141044,Nintendo GBC,Loose,Not started,N,N,1,6.43,
624,Yu-Gi-Oh: Dawn of Destiny,083717300281,XBOX,CIB,Not started,Y,Y,1,14.87,
625,Yu-Gi-Oh: Double Pack 2,083717500766,Nintendo GBA,Loose,Not started,N,N,1,13.09,
626,Yu-Gi-Oh: Duelists of the Roses,083717200437,PlayStation 2,CIB,Played,Y,Y,1,16.47,
628,Yu-Gi-Oh: Stairway to the Destined Duel [Worldwide Edition],083717500391,Nintendo GBA,Loose,Not started,N,N,1,9.77,
630,Yu-Gi-Oh: Ultimate Masters: World Championship Tournament 2006,083717500728,Nintendo GBA,Loose,Not started,N,N,1,19.33,
631,Yu-Gi-Oh: World Championship 2007,083717241232,Nintendo DS,CIB,Played,Y,Y,1,30.00,
632,Yu-Gi-Oh: World Championship 2008,083717241324,Nintendo DS,Loose,Played,N,N,1,25.58,
633,Zoocube,021481652977,Nintendo GameCube,CIB,Not started,Y,Y,1,12.21,
634,Citizen Sleeper,N/A,XBOX One,Rental,Finished,,,,,
635,No Man's Sky,N/A,XBOX One,Rental,Played,,,,,
637,Persona 3 Portable [JPN],4984995900469,PlayStation Portable,CIB,Not started,Y,Y,1,27.79,UPC is EAN/GTIN
638,Unpacking [Limited Run],819976029058,Nintendo Switch,SIB,Not started,Y,Y,1,,
639,Gears Tactics,889842718447,Xbox Series X,CIB,Not started,Y,Y,1,10.19,
640,XCOM 2 Collection,710425590122,XBOX One,CIB,Not started,Y,Y,1,8.33,
641,Pokémon Gold Version (JPN),N/A,Nintendo GBC,CIB,Played,N,N,1,,VGA 60
642,,885370901450,,CIB,,,,,13.83,
643,,887256300319-2,,CIB,,,,,,
644,,053941703615,,CIB,,,,,18.49,
645,Bayonetta 3 [Trinity Masquerade Edition],045496597900,Nintendo Switch,CIB,Not started,Y,Y,1,68.99,
646,Nintendo Switch OLED [Pokémon Scarlet & Violet Edition],045496597399,Console,CIB,,,,,375.25,
647,Analogue Pocket,650245193519,Console,CIB,,,,,680.00,
648,,045496596767,,CIB,,,,,30.50,
649,God of War: Ragnarok [Launch Edition],711719556275,PlayStation 5,CIB,Finished,Y,Y,1,48.50,
650,Pokémon Violet,045496598969,,CIB,Finished,,,,40.50,
651,,662248925264,Nintendo Switch,Loose,,,,,18.72,
652,Digimon Survive,722674840149,Nintendo Switch,CIB,,,,,25.00,
653,Liege Dragon,N/A,PlayStation 5,CIB,,,,,,
654,XCOM 2,N/A,Steam,N/A,Played,N/A,N/A,N/A,N/A,
655,Borderlands 2,N/A,Steam,N/A,Finished,N/A,N/A,N/A,N/A,
656,Cult of the Lamb,N/A,Steam,N/A,Played,N/A,N/A,N/A,N/A,
657,Hero Siege,N/A,Steam,N/A,Played,N/A,N/A,N/A,N/A,
658,Garry's Mod,N/A,Steam,N/A,Played,N/A,N/A,N/A,N/A,
659,Hotline Miami,N/A,Steam,N/A,Played,N/A,N/A,N/A,N/A,
660,Left 4 Dead 2,N/A,Steam,N/A,Played,N/A,N/A,N/A,N/A,
661,The Elder Scrolls V: Skyrim [Special Edition],N/A,Steam,N/A,Played,N/A,N/A,N/A,N/A,
662,Borderlands: The Pre-Sequel!,N/A,Steam,N/A,Played,N/A,N/A,N/A,N/A,
663,Sid Meier's Civilization V,N/A,Steam,N/A,Played,N/A,N/A,N/A,N/A,
664,Monaco,N/A,Steam,N/A,Played,N/A,N/A,N/A,N/A,
665,This War of Mine: Final Cut,N/A,Steam,N/A,Played,N/A,N/A,N/A,N/A,
666,Spyro: Reignited Trilogy,N/A,Steam,N/A,Played,N/A,N/A,N/A,N/A,
667,Dragon Ball Xenoverse 2,N/A,Steam,N/A,Played,N/A,N/A,N/A,N/A,
668,Counter Strike: Source,N/A,Steam,N/A,Played,N/A,N/A,N/A,N/A,
669,Goat Simulator,N/A,Steam,N/A,Played,N/A,N/A,N/A,N/A,
670,Wildermyth,N/A,Steam,N/A,Played,N/A,N/A,N/A,N/A,
671,Endless Legend,N/A,Steam,N/A,Played,N/A,N/A,N/A,N/A,
672,Disco Elysium: The Final Cut,N/A,Steam,N/A,Played,N/A,N/A,N/A,N/A,
673,Divinity Original Sin 2 [Definitive Edition],N/A,Steam,N/A,Played,N/A,N/A,N/A,N/A,
674,Dragon Ball FighterZ,N/A,Steam,N/A,Not started,N/A,N/A,N/A,N/A,
675,Europa Universalis IV,N/A,Steam,N/A,Not started,N/A,N/A,N/A,N/A,
676,Fallout 4,N/A,Steam,N/A,Finished,N/A,N/A,N/A,N/A,
677,Fallout: New Vegas,N/A,Steam,N/A,Played,N/A,N/A,N/A,N/A,
678,FTL [Advanced Edition],N/A,Steam,N/A,Played,N/A,N/A,N/A,N/A,
679,Inside,N/A,Steam,N/A,Not started,N/A,N/A,N/A,N/A,
680,Iron Fisticle,N/A,Steam,N/A,Not started,N/A,N/A,N/A,N/A,
681,Metro: Exodus,N/A,Steam,N/A,Played,N/A,N/A,N/A,N/A,
682,Metro: Exodus [PC Enhanced Edition],N/A,Steam,N/A,Played,N/A,N/A,N/A,N/A,
683,Realm of the Mad God Exalt,N/A,Steam,N/A,Not started,N/A,N/A,N/A,N/A,
684,Relic Hunters Zero Remix,N/A,Steam,N/A,Not started,N/A,N/A,N/A,N/A,
685,Road 96,N/A,Steam,N/A,Not started,N/A,N/A,N/A,N/A,
686,Robocraft,N/A,Steam,N/A,Not started,N/A,N/A,N/A,N/A,
687,Spiral Knights,N/A,Steam,N/A,Played,N/A,N/A,N/A,N/A,
688,Trove,N/A,Steam,N/A,Played,N/A,N/A,N/A,N/A,
689,The Witcher 2: Assassins of Kings [Enhanced Edition],N/A,Steam,N/A,Not started,N/A,N/A,N/A,N/A,
690,The Witcher 3: Wild Hunt,N/A,Steam,N/A,Played,N/A,N/A,N/A,N/A,
691,XCOM: Enemy Unknown,N/A,Steam,N/A,Not started,N/A,N/A,N/A,N/A,
692,XCOM: Chimera Squad,N/A,Steam,N/A,Not started,N/A,N/A,N/A,N/A,
693,Hack n' Slash,N/A,Steam,N/A,Played,N/A,N/A,N/A,N/A,
694,Magicite,N/A,Steam,N/A,Played,N/A,N/A,N/A,N/A,
695,Mini Tone,N/A,Steam,N/A,Not started,N/A,N/A,N/A,N/A,
696,Mitosis,N/A,Steam,N/A,Not started,N/A,N/A,N/A,N/A,
697,Pathfinders Memories,N/A,Steam,N/A,Not started,N/A,N/A,N/A,N/A,
698,The Sims 4,N/A,Steam,N/A,Played,N/A,N/A,N/A,N/A,
699,Xenoblade Chronicles 3,045496598280,,CIB,Finished,,,,40.30,
700,Live A Live,045496598259,,CIB,,,,,33.56,
701,Sonic Frontiers,010086642155,,CIB,,,,,28.97,
702,Crisis Core: Final Fantasy VII Reunion,662248926780,,CIB,Played,,,,30.00,
703,Star Wars Jedi Knight Collection,811994023063,,CIB,,,,,16.28,
704,Kirby and the Forgotten Land,045496597955,,CIB,Played,,,,42.00,
705,Saints Row [Day One Edition],816819019351,,CIB,Played,,,,27.23,
706,Tactics Ogre Reborn,662248926520,Nintendo Switch,CIB,,,,,,
707,Fire Emblem Engage [Divine Edition],045496599065,Nintendo Switch,CIB,,,,,118.75,
708,Star Wars: Republic Commando [Collector's Edition],819976026231,Nintendo Switch,CIB,,,,,68.03,
709,No More Heroes [Collector's Edition],819976025500,,CIB,,,,,85.00,
710,No More Heroes 2: Desperate Struggle [Collector's Edition],819976025517,,CIB,,,,,60.70,
711,South Park: The Stick of Truth,887256033910,,CIB,Finished,,,,10.91,
712,South Park: The Fractured But Whole,887256015787,,CIB,,,,,7.13,
713,Hogwarts Legacy,883929730704,XBOX Series X,CIB,,,,,62.39,
714,Like A Dragon: Ishin!,010086632989,PlayStation 5,CIB,,,,,N/A,Steelbook
