Game,UPC,Platform,Rating,Completion,Box,Manual,Amount,Value,Notes
Dogz,''008888160915,Nintendo DS,CIB,Not started,Y,Y,1,9.49,
Catz,''008888163206,Nintendo DS,CIB,Not started,Y,Y,1,4.24,
Assassin's Creed III: Liberation,''008888317234,PlayStation Vita,Loose,Not started,N,N,1,11.96,
Ape Escape: Pumped & Primed,''008888322153,PlayStation 2,CIB,Played,Y,Y,1,19.97,
187: Ride or Die,''008888322177,PlayStation 2,CIB,Not started,Y,Y,1,8.15,
Watch Dogs,''008888358046,PlayStation 4,CIB,Finished,Y,Y,1,6.99,
Assassin's Creed: Revelations,''008888396840,PlayStation 3,CIB,Finished,Y,Y,1,4.25,
Assassin's Creed III,''008888397236,PlayStation 3,CIB,Finished,Y,Y,1,5.24,
Assassin's Creed III,''008888527374,XBOX 360,CIB,Finished,Y,Y,1,5.71,
Assassin's Creed: Revelations,''008888536840,XBOX 360,CIB,Finished,Y,Y,1,4.25,
Far Cry 3,''008888546313,XBOX 360,CIB,Played,Y,Y,1,6.22,
Sports Talk Football '93 Starring Joe Montana,''010086012163,Sega Genesis,CIB,Not started,Y,Y,1,5.77,
Jurassic Park,''010086025118,Sega Game Gear,Loose,Not started,N,N,1,7.74,Temporary case.
Sonic Adventure 2 Battle [Player's Choice],''010086610079,Nintendo GameCube,CIB,Finished,Y,Y,1,38.86,
Super Monkey Ball 2 [Player's Choice],''010086610123,Nintendo GameCube,CIB,Not started,Y,Y,1,31.92,
Super Monkey Ball 2 [Player's Choice],''010086610123,Nintendo GameCube,CIB,Not started,Y,Y,1,31.92,
Sonic Mega Collection [Player's Choice],''010086610239,Nintendo GameCube,CIB,Not started,Y,Y,1,12.99,
Sonic Adventure DX,''010086610260,Nintendo GameCube,CIB,Finished,Y,Y,1,27.99,
Sonic Gems Collection,''010086610444,Nintendo GameCube,CIB,Not started,Y,Y,1,36.10,
Hatsune Miku Project Dive F2nd,''010086620061,PlayStation Vita,CIB,Finished,Y,Y,1,25.85,
Dengeki Buno: Fighting Climax,''010086620092,PlayStation Vita,CIB,Played,Y,Y,1,23.31,
NBA 2K3,''010086630213,PlayStation 2,CIB,Not started,Y,Y,1,5.75,
Yakuza Kiwami,''010086632149,PlayStation 4,CIB,On hold,Y,Y,1,16.97,
Sonic Rivals,''010086660098,PlayStation Portable,CIB,Not started,Y,Y,1,11.57,
Sonic Rivals 2,''010086660227,PlayStation Portable,CIB,Not started,Y,Y,1,14.61,
Bleach: The Blade of Fate,''010086670103,Nintendo DS,CIB,Not started,Y,Y,1,12.17,
Mario and Sonic at the Olympic Games (PAL),''010086670127,Nintendo DS,CIB,Not started,Y,Y,1,10.64,
Bleach: The 3rd Phantim,''010086670264,Nintendo DS,CIB,Not started,Y,Y,1,29.87,
Devil May Cry,''013388260041,PlayStation 2,CIB,Not started,Y,Y,1,6.52,
Mega Man X7,''013388260201,PlayStation 2,CIB,Not started,Y,Y,1,10.36,
Bombastic,''013388260232,PlayStation 2,CIB,Not started,Y,Y,1,6.63,
Maximo vs. Army of Zin,''013388260256,PlayStation 2,CIB,Not started,Y,Y,1,22.00,
Devil May Cry 3,''013388260416,PlayStation 2,CIB,Not started,Y,Y,1,8.25,
Megaman Battle Network 5: Team Protoman,''013388280261,Nintendo GBA,Loose,On hold,N,N,1,17.99,
Monster Hunter 3 Ultimate,''013388305100,Nintendo 3DS,CIB,Not started,Y,Y,1,12.03,
Mega Man: Star Force Dragon,''013388320080,Nintendo DS,Loose,Not started,N,N,1,37.00,
Neopets: Puzzle Adventure,''013388320134,Nintendo DS,CIB,Not started,Y,Y,1,4.72,
College Football USA 96,''014633074918,Sega Genesis,CIB,Not started,Y,Y,1,7.96,
Madden NFL 96,''014633074932,Sega Genesis,CIB,Not started,Y,Y,1,4.87,
NHL 95,''014633074932,Sega Genesis,CIB,Not started,Y,Y,1,4.87,
Need for Speed: High Stakes,''014633079746,PlayStation,CIB,Not started,Y,Y,1,8.67,
Shox,''014633143744,PlayStation 2,CIB,Not started,Y,Y,1,11.96,
Medal of Honor: Frontline,''014633143812,PlayStation 2,CIB,Played,Y,Y,1,5.75,
The Simpsons: Road Rage [Greatest Hits],''014633143850,PlayStation 2,CIB,Played,Y,Y,1,11.97,
Def Jam: Vendetta,''014633144291,PlayStation 2,CIB,Played,Y,Y,1,32.95,
Need for Speed: Hot Pursuit 2,''014633144444,PlayStation 2,CIB,Played,Y,Y,1,11.79,
NBA Live 2003,''014633145373,PlayStation 2,CIB,Not started,Y,Y,1,5.72,
NBA Street Vol. 2,''014633146219,Nintendo GameCube,CIB,Not started,Y,Y,1,26.99,
The Sims,''014633146257,Nintendo GameCube,CIB,Not started,Y,Y,1,10.94,
Bionicle,''014633146806,PlayStation 2,CIB,Played,Y,Y,1,6.00,
Need for Speed: Underground,''014633147025,PlayStation 2,CIB,Played,Y,Y,1,10.95,
The Sims: Bustin' Out,''014633147254,Nintendo GameCube,CIB,Not started,Y,Y,1,10.00,
Def Jam: Fight for NY,''014633147544,PlayStation 2,Loose,Played,N,N,1,99.99,
Need for Speed: Most Wanted,''014633148213,PlayStation 2,CIB,Played,Y,Y,1,14.30,
Burnout 3: Takedown,''014633148336,PlayStation 2,CIB,Played,Y,Y,1,13.33,
Need for Speed: Underground 2,''014633148435,PlayStation 2,CIB,Played,Y,Y,1,15.93,
The Urbz: Sims in the City [Special Edition],''014633148558,Nintendo GameCube,CIB,Not started,Y,Y,1,18.77,
007 Goldeneye Rogue Agent,''014633148688,PlayStation 2,CIB,Not started,Y,Y,1,7.44,
Need for Speed: Most Wanted,''014633149418,Nintendo GBA,Loose,Played,N,N,1,5.49,
The Godfather: The Game,''014633149746,PlayStation 2,CIB,Not started,Y,Y,1,12.50,
Burnout Revenge,''014633151039,PlayStation 2,CIB,Played,Y,Y,1,9.34,
Burnout Revenge,''014633151039,PlayStation 2,CIB,Played,Y,Y,1,9.34,
Black,''014633151053,PlayStation 2,CIB,Not started,Y,Y,1,11.86,
Burnout Legends,''014633151220,PlayStation Portable,CIB,Not started,Y,Y,1,9.82,
The Sims 2,''014633151282,Nintendo GameCube,CIB,Not started,Y,Y,1,18.71,
2006 FIFA World Cup,''014633151657,PlayStation 2,CIB,Not started,Y,Y,1,5.74,
The Sims 2: Pets,''014633152449,Nintendo GameCube,CIB,Not started,Y,Y,1,9.63,
SPORE: Creatures,''014633153309,Nintendo DS,Loose,Not started,N,N,1,3.00,
MySims Kingdom,''014633155501,Nintendo Wii,CIB,Finished,Y,Y,1,8.63,
Burnout Dominator,''014633156324,PlayStation 2,Loose,Played,N,N,1,4.85,
The Sims 2: Castaway,''014633157352,PlayStation 2,CIB,Played,Y,Y,1,21.66,
Dragon Age: Origins,''014633159806,XBOX 360,CIB,Not started,Y,Y,1,6.26,
Rock Band Track Pack Volume 2,''014633190663,Nintendo Wii,CIB,Played,Y,Y,1,7.41,
MySims: Party,''014633190977,Nintendo DS,CIB,Not started,Y,Y,1,6.49,
Rock Band 2,''014633191134,Nintendo Wii,CIB,Played,Y,Y,1,10.02,
Rock Band 3,''014633195200,Nintendo Wii,CIB,Played,Y,Y,1,32.99,
Mass Effect 3,''014633195842,PlayStation 3,CIB,Not started,Y,Y,1,7.36,
Mass Effect Trilogy [Steelbook],''014633198065,PlayStation 3,CIB,Played,Y,Y,1,35.88,
MySims,''014633358131,Nintendo Wii,CIB,Finished,Y,Y,1,12.75,
MySims Agents,''014633362701,Nintendo Wii,CIB,Finished,Y,Y,1,7.12,
Portal 2,''014633365252,XBOX 360,CIB,Finished,Y,Y,1,9.96,
Battlefield 3 [Limited Edition],''014633365931,XBOX 360,CIB,Finished,Y,Y,1,3.74,
Star Wars Battlefront 2 (Elite Trooper Deluxe Edition),''014633372311,PlayStation 4,CIB,Finished,Y,Y,1,19.02,
Star Wars Jedi: Fallen Order (Deluxe Edition),''014633376159,PlayStation 4,CIB,Finished,Y,Y,1,45.00,
Dragon Age: Inquisition,''014633730913,PlayStation 4,CIB,Played,Y,Y,1,9.41,
Need for Speed: Heat,''014633738452,PlayStation 4,CIB,On hold,Y,Y,1,37.50,
Dead or Alive 2: Hardcore,''018946010175,PlayStation 2,CIB,Not started,Y,Y,1,10.75,
Tokobot Plus: Mysteries of the Karakuri,''018946010472,PlayStation 2,SIB,Not started,Y,Y,1,17.98,
Half-Life,''020626712354,PlayStation 2,CIB,Not started,Y,Y,1,42.46,
The Simpsons: Hit & Run [Greatest Hits],''020626721110,PlayStation 2,CIB,Played,Y,Y,1,40.96,
Fight Club,''020626721646,PlayStation 2,CIB,Played,Y,Y,1,6.87,
Robots,''020626722353,PlayStation 2,CIB,Played,Y,Y,1,6.50,
Robots,''020626722353,PlayStation 2,CIB,Played,Y,Y,1,6.50,
Scarface: The World is Yours,''020626722810,PlayStation 2,CIB,Played,Y,Y,1,33.06,
Zoocube,''021481652977,Nintendo GameCube,CIB,Not started,Y,Y,1,7.16,
Star Wars: The Clone Wars,''023272320355,PlayStation 2,CIB,Not started,Y,Y,1,10.50,
Star Wars: Battlefront [Greatest Hits],''023272324353,PlayStation 2,CIB,Finished,Y,Y,1,11.59,
Star Wars Episode III: Revenge of the Sith [Greatest Hits],''023272327354,PlayStation 2,CIB,Played,Y,Y,1,7.99,
Star Wars: Battlefront 2 [Greatest Hits],''023272328351,PlayStation 2,CIB,Finished,Y,Y,1,12.79,
Star Wars: Battlefront 2,''023272328399,PlayStation Portable,CIB,Not started,Y,Y,1,10.77,
Lego Star Wars: The Complete Saga,''023272330385,PlayStation 3,CIB,Played,Y,Y,1,23.40,
Star Wars: The Force Unleashed,''023272332648,Nintendo Wii,CIB,Not started,Y,Y,1,6.01,
LEGO Indiana Jones: The Original Adventures,''023272333355,PlayStation 2,CIB,Finished,Y,Y,1,6.99,
LEGO Indiana Jones: The Original Adventures,''023272333614,Nintendo DS,CIB,Not started,Y,Y,1,5.51,
Star Wars Battlefront: Elite Squadron,''023272335397,PlayStation Portable,CIB,Not started,Y,Y,1,12.42,
LEGO Indiana Jones 2: The Adventure Continues,''023272339371,PlayStation Portable,CIB,Finished,Y,Y,1,5.95,
LEGO Indiana Jones 2: The Adventure Continues,''023272339630,Nintendo Wii,CIB,Finished,Y,Y,1,7.07,
Star Wars: The Force Unleashed 2,''023272341763,XBOX 360,CIB,Not started,Y,Y,1,12.25,
LEGO Star Wars III: The Clone Wars,''023272342760,XBOX 360,CIB,Finished,Y,Y,1,10.15,
Wrath Unleashed,''023272402358,PlayStation 2,Loose,Not started,N,N,1,5.84,Temporary case
Star Wars: Starfighter,''023272655358,PlayStation 2,CIB,Not started,Y,Y,1,6.92,
Star Wars: Bounty Hunter,''023272659356,PlayStation 2,CIB,Not started,Y,Y,1,12.81,
Spy Hunter,''031719268238,PlayStation 2,CIB,Played,Y,Y,1,5.88,
Goblin Commander,''032264192016,PlayStation 2,CIB,Not started,Y,Y,1,8.49,
Crimson Sea 2,''040198001304,PlayStation 2,Loose,Not started,N,N,1,7.61,
Dynasty Warriors 6,''040198001793,XBOX 360,CIB,Not started,Y,Y,1,6.36,
The Legend of Zelda: Breath of the Wild,''045496590420,Nintendo Switch,CIB,Played,Y,Y,1,44.75,
Super Mario Odyssey,''045496590741,Nintendo Switch,CIB,Finished,Y,Y,1,47.00,
Xenoblade Chronicles 2,''045496591595,Nintendo Switch,CIB,On hold,Y,Y,1,46.92,
Fire Emblem Warriors,''045496591632,Nintendo Switch,CIB,Played,Y,Y,1,20.96,
Bayonetta 2,''045496591861,Nintendo Switch,CIB,Finished,Y,Y,1,36.00,
Super Smash Bros. Ultimate,''045496592998,Nintendo Switch,CIB,Played,Y,Y,1,49.00,
Fire Emblem: Three Houses,''045496593858,Nintendo Switch,CIB,Finished,Y,Y,1,47.48,
"Pokémon: Let's Go, Pikachu!",''045496593940,Nintendo Switch,CIB,Played,Y,Y,1,51.00,
Animal Crossing New Horizons,''045496596439,Nintendo Switch,CIB,In progress,Y,Y,1,54.75,
Pokémon Shield,''045496596620,Nintendo Switch,CIB,In progress,Y,Y,1,46.11,
Tokyo Mirage Sessions FE Encore,''045496596927,Nintendo Switch,CIB,In progress,Y,Y,1,45.00,
Pokemon Mystery Dungeon Rescue Team DX,''045496597054,Nintendo Switch,SIB,Not started,Y,Y,1,49.97,
Game Boy Color - Yellow,''045496710798,Console,Loose,N/A,N,N,1,49.50,
Nintendo DSi - Black,''045496718749,Console,Loose,N/A,N,N,1,40.50,
Pokémon Red,''045496730734,Nintendo GB,Loose,Not started,N,N,1,22.87,
Pokémon Yellow Version,''045496730895,Nintendo GB,Loose,Not started,N,N,1,24.63,
Super Mario Bros. Deluxe,''045496730925,Nintendo GBC,Loose,Not started,N,N,1,13.74,
Pokémon Gold Version,''045496731212,Nintendo GBC,Loose,Not started,N,N,1,22.35,
Pokémon Silver Version,''045496731229,Nintendo GBC,Loose,Not started,N,N,1,23.46,
Pokémon Crystal Version,''045496731472,Nintendo GBC,Loose,Finished,N,N,1,48.26,
The Legend of Zelda: A Link to the Past,''045496731823,Nintendo GBA,Loose,Not started,N,N,1,18.95,
"Wario Ware, Inc.: Mega Microgames",''045496732370,Nintendo GBA,Loose,Played,N,N,1,20.94,
Pokémon Sapphire Version,''045496732547,Nintendo GBA,Loose,Finished,N,N,1,28.48,
Final Fantasy Tactics Advance,''045496733377,Nintendo GBA,Loose,Finished,N,N,1,17.51,
Final Fantasy Tactics Advance,''045496733377,Nintendo GBA,CIB,Finished,Y,Y,1,46.56,
Final Fantasy Tactics Advance,''045496733377,Nintendo GBA,CIB,Finished,Y,Y,1,46.56,
Pokémon: FireRed Version,''045496734114,Nintendo GBA,CIB,Finished,Y,Y,1,116.05,
Pokémon Leafgreen Version,''045496734121,Nintendo GBA,Loose,Finished,N,N,1,41.73,
GBA Video Pokemon: For Ho-Oh The Bells Toll and A Hot Water Battle,''045496734138,Nintendo GBA,Loose,Finished,N,N,1,5.96,
Pokémon Emerald Version,''045496735302,Nintendo GBA,Loose,Finished,N,N,1,66.92,
Pokémon Dash (PAL),''045496735319,Nintendo DS,CIB,Played,Y,Y,1,15.06,
Animal Crossing: Wild World,''045496735920,Nintendo DS,CIB,Played,Y,Y,1,32.50,
Nintendogs: Chihuahua & Friends,''045496736439,Nintendo DS,CIB,Not started,Y,Y,1,7.75,
Big Brain Academy,''045496737085,Nintendo DS,CIB,Not started,Y,Y,1,4.08,
Pokémon Trozei,''045496737146,Nintendo DS,CIB,Played,Y,Y,1,13.56,
New Super Mario Bros.,''045496737320,Nintendo DS,CIB,Not started,Y,Y,1,16.09,
Mario Hoops 3 on 3,''045496737344,Nintendo DS,CIB,Not started,Y,Y,1,13.98,
Pokémon Ranger,''045496737368,Nintendo DS,CIB,Finished,Y,Y,1,20.00,
Pokémon Mystery Dungeon: Blue Rescue Team,''045496737733,Nintendo DS,CIB,Finished,Y,Y,1,24.11,
Yoshi's Island DS,''045496738167,Nintendo DS,CIB,Not started,Y,Y,1,20.72,
Pokémon Diamond Version,''045496738501,Nintendo DS,Loose,Finished,N,N,1,35.00,
Pokémon Mystery Dungeon: Explorers of Darkness,''045496739690,Nintendo DS,CIB,Finished,Y,Y,1,19.35,
Pokémon Ranger: Shadows of Almia,''045496739959,Nintendo DS,Loose,Finished,N,N,1,12.78,
Fossil Fighters,''045496740412,Nintendo DS,CIB,Finished,Y,Y,1,27.13,
Pokémon Mystery Dungeon: Explorers of Sky,''045496740467,Nintendo DS,CIB,Finished,Y,Y,1,79.59,
Pokemon SoulSilver Version,''045496740634,Nintendo DS,Loose,Finished,N,N,1,75.30,
Pokémon Heartgold Version,''045496740641,Nintendo DS,CIB,Finished,Y,Y,1,119.11,
Pokémon Ranger: Guardian Signs,''045496741051,Nintendo DS,Loose,Finished,N,N,1,15.00,
Pokémon Rumble Blast,''045496741709,Nintendo 3DS,CIB,Played,Y,Y,1,12.53,
Fossil Fighters: Champions,''045496741761,Nintendo DS,Loose,On hold,N,N,1,37.02,
Pokémon Black 2 Version,''045496742010,Nintendo DS,Loose,Finished,N,N,1,73.48,
Pokémon Y,''045496742508,Nintendo 3DS,CIB,Finished,Y,Y,1,26.50,
Super Smash Bros. 3DS,''045496742904,Nintendo 3DS,CIB,Not started,Y,Y,1,16.26,
Pokémon Omega Ruby,''045496742928,Nintendo 3DS,CIB,Finished,Y,Y,1,32.50,
Fire Emblem Fates: Birthright,''045496743154,Nintendo 3DS,CIB,Finished,Y,Y,1,28.50,
Pokémon Sun Version,''045496743932,Nintendo 3DS,Loose,Finished,N,N,1,15.81,
Pokémon Moon,''045496743949,Nintendo 3DS,CIB,Finished,Y,Y,1,16.78,
Nintendo 3DS XL - Majora's Mask Limited Edition,''045496781576,Console,CIB,N/A,Y,Y,1,204.99,
Super Mario 64,''045496870010,Nintendo 64,Loose,Not started,N,N,1,47.39,
Mario Kart 64,''045496870027,Nintendo 64,Loose,Not started,N,N,1,43.99,
The Legend of Zelda: Ocarina of Time,''045496870041,Nintendo 64,Loose,Not started,N,N,1,40.98,
Starfox 64,''045496870270,Nintendo 64,Loose,Not started,N,N,1,21.00,
Star Wars Episode I Racer,''045496870416,Nintendo 64,Loose,Not started,N,N,1,9.99,
Pokémon Snap,''045496870478,Nintendo 64,Loose,Not started,N,N,1,17.92,
Pokémon Stadium,''045496870508,Nintendo 64,Loose,Not started,N,N,1,25.93,
The Legend of Zelda: Majora's Mask [Collector's Edition],''045496870775,Nintendo 64,Loose,Not started,N,N,1,57.29,
Pokémon Battle Revolution,''045496900168,Nintendo Wii,CIB,Finished,Y,Y,1,19.99,
Mario Kart Wii,''045496901011,Nintendo Wii,CIB,Played,Y,Y,1,38.00,
Poképark Wii: Pikachu's Adventure,''045496901950,Nintendo Wii,CIB,Played,Y,Y,1,26.01,
Pokémon Ultra Sun,''045496904555,Nintendo 3DS,CIB,Finished,Y,Y,1,36.73,
Starfox Adventures,''045496960063,Nintendo GameCube,CIB,Not started,Y,Y,1,27.74,
Magical Mirror starring Mickey Mouse,''045496960360,Nintendo GameCube,CIB,Not started,Y,Y,1,12.46,
Animal Crossing,''045496960490,Nintendo GameCube,CIB,Not started,Y,Y,1,78.05,
Pokémon Colosseum,''045496961367,Nintendo GameCube,CIB,Finished,Y,Y,1,59.97,
Pokémon Channel,''045496961473,Nintendo GameCube,CIB,Played,Y,Y,1,22.00,
Pokémon XD: Gale of Darkness,''045496963040,Nintendo GameCube,CIB,Finished,Y,Y,1,80.50,
Digimon: Rumble Arena 2,''045557184056,Nintendo GameCube,CIB,Played,Y,Y,1,76.72,
Shamu's Deep Sea Adventures,''047875751217,Nintendo DS,CIB,Not started,Y,Y,1,4.47,
World Series of Poker,''047875752139,PlayStation 2,CIB,Not started,Y,Y,1,4.37,
Pimp my Ride,''047875752979,PlayStation 2,CIB,Played,Y,Y,1,6.00,
Shaun Palmer's Pro Snowboarder,''047875801837,PlayStation 2,CIB,Played,Y,Y,1,4.68,
Tony Hawk's Pro Skater 3,''047875801950,Nintendo GameCube,CIB,Not started,Y,Y,1,16.99,
Spider-Man,''047875803015,PlayStation 2,CIB,Played,Y,Y,1,9.04,
Tony Hawk's Pro Skater 4,''047875804074,Nintendo GameCube,CIB,Not started,Y,Y,1,16.33,
True Crime: Streets of LA,''047875804272,PlayStation 2,CIB,Played,Y,Y,1,8.82,
Return to Castle Wolfenstein,''047875804456,PlayStation 2,CIB,Not started,Y,Y,1,9.99,
Spider-Man 2,''047875805910,Nintendo GBA,Loose,Played,N,N,1,4.97,
Tony Hawk's Underground [Greatest Hits],''047875806399,PlayStation 2,CIB,Played,Y,Y,1,16.94,
Shark Tale,''047875806979,PlayStation 2,CIB,Played,Y,Y,1,5.99,
Madagascar,''047875807570,PlayStation 2,CIB,Played,Y,Y,1,7.11,
Tony Hawk's Underground 2,''047875808072,Nintendo GameCube,CIB,Not started,Y,Y,1,20.67,
Shrek Superslam,''047875809772,PlayStation 2,Loose,Not started,N,N,1,4.69,Temporary case
True Crime: New York City,''047875813410,PlayStation 2,CIB,Played,Y,Y,1,16.00,
Transformers: Autobots,''047875819832,Nintendo DS,CIB,Not started,Y,Y,1,5.88,
Call of Duty: World at War,''047875834453,XBOX 360,CIB,Not started,Y,Y,1,8.50,
Prototype,''047875836174,XBOX 360,CIB,Played,Y,Y,1,4.90,
Blur,''047875837331,XBOX 360,CIB,Played,Y,Y,1,20.00,
Call of Duty: Modern Warfare 2,''047875837478,PlayStation 3,CIB,Played,Y,Y,1,6.38,
Call of Duty: Modern Warfare 2,''047875837577,XBOX 360,CIB,Finished,Y,Y,1,7.54,
Transformers: Dark of the Moon,''047875841345,XBOX 360,CIB,Finished,Y,Y,1,10.01,
Transformers: Fall of Cybertron,''047875843387,XBOX 360,CIB,Finished,Y,Y,1,23.35,
Call of Duty: Modern Warfare 3,''047875845596,XBOX 360,CIB,Finished,Y,Y,1,6.98,
Transformers: Rise of the Dark Spark,''047875849488,PlayStation 4,CIB,Not started,Y,Y,1,36.59,
Overwatch,''047875877603,PlayStation 4,CIB,Not started,Y,Y,1,19.44,
Call of Duty: Black Ops,''047875881853,XBOX 360,CIB,Finished,Y,Y,1,9.39,
Call of Duty: Black Ops,''047875881853,XBOX 360,CIB,Finished,Y,Y,1,9.39,
Diablo III: Eternal Collection,''047875883437,Nintendo Switch,CIB,Played,Y,Y,1,37.86,
Guitar Hero On Tour,''047875953956,Nintendo DS,Loose,Not started,N,N,1,2.00,
Guitar Hero: World Tour,''047875955530,Nintendo Wii,CIB,Not started,Y,Y,1,12.99,
Guitar Hero On Tour: Decades,''047875955554,Nintendo DS,Loose,Not started,N,N,1,3.39,
Guitar Hero 5,''047875958890,Nintendo Wii,CIB,Not started,Y,Y,1,20.99,
Naruto: Clash of Ninja Revolution,''053941704018,Nintendo Wii,CIB,Not started,Y,Y,1,7.02,
Yu-Gi-Oh: The Eternal Duelist Soul,''061902101509,Nintendo GBA,Loose,Not started,N,N,1,8.88,
Yu-Gi-Oh: Dark Duel Stories,''083717141044,Nintendo GBC,Loose,Not started,N,N,1,5.44,
DDRMAX Dance Dance Revolution,''083717200413,PlayStation 2,CIB,Not started,Y,Y,1,7.63,
Yu-Gi-Oh: Duelists of the Roses,''083717200437,PlayStation 2,CIB,Played,Y,Y,1,18.99,
McFarlane's Evil Prophecy,''083717200574,PlayStation 2,CIB,Not started,Y,Y,1,8.99,
Yu-Gi-Oh GX: The Beginning of Destiny,''083717201557,PlayStation 2,CIB,Played,Y,Y,1,20.22,
Metal Gear Solid 4: Guns of the Patriots,''083717201601,PlayStation 3,CIB,Not started,Y,Y,1,5.99,
Metal Gear Solid V: The Phantom Pain,''083717202783,PlayStation 4,CIB,Not started,Y,Y,1,11.82,
Yu-Gi-Oh GX: Spirit Caller,''083717241201,Nintendo DS,CIB,Not started,Y,Y,1,13.52,
Yu-Gi-Oh: World Championship 2007,''083717241232,Nintendo DS,CIB,Not started,Y,Y,1,13.77,
Yu-Gi-Oh: World Championship 2008,''083717241324,Nintendo DS,Loose,Not started,N,N,1,13.28,
Yu-Gi-Oh 5D's Stardust Accelerator: World Championship Tournament 2009,''083717241560,Nintendo DS,CIB,Not started,Y,Y,1,15.00,
Foto Showdown,''083717241638,Nintendo DS,CIB,On hold,Y,Y,1,18.29,
Yu-Gi-Oh GX Tag Force 2,''083717260356,PlayStation Portable,CIB,Not started,Y,Y,1,23.57,
Yu-Gi-Oh 5D's Tag Force 4,''083717260530,PlayStation Portable,CIB,Not started,Y,Y,1,19.25,
Yu-Gi-Oh 5D's Tag Force 5,''083717260622,PlayStation Portable,CIB,Not started,Y,Y,1,23.98,
Yu-Gi-Oh: Dawn of Destiny,''083717300281,XBOX,CIB,Not started,Y,Y,1,10.13,
Yu-Gi-Oh Falsebound Kingdom [Player's Choice],''083717400158,Nintendo GameCube,CIB,Not started,Y,Y,1,13.47,
Yu-Gi-Oh 5D's Duel Transer,''083717400998,Nintendo Wii,CIB,Not started,Y,Y,1,8.28,
Yu-Gi-Oh: Stairway to the Destined Duel [Worldwide Edition],''083717500391,Nintendo GBA,Loose,Not started,N,N,1,5.82,
Yu-Gi-Oh: Reshef of Destruction,''083717500452,Nintendo GBA,Loose,Not started,N,N,1,7.38,
Yu-Gi-Oh: 7 Trials to Glory,''083717500513,Nintendo GBA,Loose,Not started,N,N,1,8.88,
Yu-Gi-Oh GX: Duel Academy,''083717500674,Nintendo GBA,Loose,Not started,N,N,1,15.65,
Yu-Gi-Oh: Ultimate Masters: World Championship Tournament 2006,''083717500728,Nintendo GBA,Loose,Not started,N,N,1,7.97,
Yu-Gi-Oh: Double Pack 2,''083717500766,Nintendo GBA,Loose,Not started,N,N,1,6.80,
Brink,''093155117044,XBOX 360,CIB,Played,Y,Y,1,4.22,
Dishonored,''093155117969,XBOX 360,CIB,Played,Y,Y,1,5.17,
Breeders' Cup World Thoroughbred Championships,''093155119604,PlayStation 2,CIB,Not started,Y,Y,1,5.61,
Fallout: New Vegas,''093155129030,PlayStation 3,CIB,Not started,Y,Y,1,7.44,
Fallout 3 (Game of the Year Edition),''093155129689,PlayStation 3,CIB,Not started,Y,Y,1,12.00,
Fallout 4,''093155170414,PlayStation 4,CIB,In progress,Y,Y,1,8.99,
Fallout 4,''093155170421,XBOX One,CIB,In progress,Y,Y,1,7.68,
The Elder Scrolls V: Skyrim (Special Edition),''093155171251,PlayStation 4,CIB,Played,Y,Y,1,23.38,
GBA Video Sonic X: A Super Sonic Hero,''096427013501,Nintendo GBA,Loose,Finished,N,N,1,7.02,
Smash Cars,''650001333159,PlayStation 2,CIB,Not started,Y,Y,1,7.99,
Beyblade: Let it Rip,''650008199215,PlayStation,CIB,Not started,Y,Y,1,5.00,
World Championship Poker,''650008399264,PlayStation 2,CIB,Not started,Y,Y,1,3.77,
MX World Tour,''650008399288,PlayStation 2,CIB,Not started,Y,Y,1,4.85,
Final Fantasy X-2,''662248903057,PlayStation 2,CIB,Not started,Y,Y,1,6.21,
Final Fantasy XII,''662248904078,PlayStation 2,CIB,Not started,Y,Y,1,6.23,
Fullmetal Alchemist: Broken Angel,''662248904092,PlayStation 2,CIB,Not started,Y,Y,1,13.33,
Final Fantasy Tactics: The War of the Lions,''662248907116,PlayStation Portable,CIB,Played,Y,Y,1,16.37,
Dissidia: Final Fantasy,''662248909028,PlayStation Portable,Loose,Finished,N,N,1,7.33,
Kingdom Hearts: Birth by Sleep,''662248910086,PlayStation Portable,CIB,Not started,Y,Y,1,17.48,
Kane & Lynch 2: Dog Days,''662248910109,PlayStation 3,CIB,Not started,Y,Y,1,6.66,
Dissidia 012: Duodecim Final Fantasy,''662248910369,PlayStation Portable,CIB,Played,Y,Y,1,14.10,
Sleeping Dogs,''662248912127,XBOX 360,CIB,Finished,Y,Y,1,5.51,
Kingdom Hearts HD 1.5 Remix,''662248913315,PlayStation 3,CIB,Dropped,Y,Y,1,9.50,
Final Fantasy XIV Online: A Realm Reborn,''662248913537,PlayStation 4,Loose,Played,N,N,1,8.20,
Final Fantasy X|X-2 HD Remaster,''662248914596,PlayStation Vita,CIB,Played,Y,Y,1,15.51,
Final Fantasy XV,''662248915012,PlayStation 4,CIB,Played,Y,Y,1,8.95,
Kingdom Hearts HD 2.5 Remix (Limited Edition),''662248915180,PlayStation 3,CIB,Not started,Y,Y,1,19.35,
Final Fantasy Type-0 HD,''662248915234,PlayStation 4,CIB,Not started,Y,Y,1,9.45,
Deus Ex: Mankind Divided,''662248916361,PlayStation 4,CIB,Not started,Y,Y,1,5.76,
World of Final Fantasy,''662248917474,PlayStation 4,CIB,In Progress,Y,Y,1,13.20,
World of Final Fantasy,''662248917511,PlayStation Vita,Loose,In progress,N,N,1,13.15,
Kingdom Hearts HD 1.5 + 2.5 Remix,''662248919249,PlayStation 4,CIB,Dropped,Y,Y,1,15.43,
Nier: Automata,''662248919607,PlayStation 4,CIB,Played,Y,Y,1,19.99,
Wallace and Gromit: Project Zoo,''682384410080,Nintendo GameCube,CIB,Not started,Y,Y,1,12.99,
Carmen Sandiego: The Secret of the Stolen Drums,''682384410103,Nintendo GameCube,CIB,Not started,Y,Y,1,10.40,
Ford Racing 2,''710425222894,PlayStation 2,CIB,Not started,Y,Y,1,4.87,
Grand Theft Auto: Liberty City Stories,''710425236969,PlayStation Portable,CIB,Not started,Y,Y,1,14.42,
Midnight Club: Street Racing [Greatest Hits],''710425270529,PlayStation 2,CIB,Not started,Y,Y,1,7.28,
Grand Theft Auto III,''710425270796,PlayStation 2,CIB,Played,Y,Y,1,6.32,
Mafia,''710425271212,PlayStation 2,CIB,Not started,Y,Y,1,14.72,
Midnight Club 2,''710425271434,PlayStation 2,Loose,Played,N,N,1,5.97,Temporary case
Grand Theft Auto Vice City,''710425273889,PlayStation 2,CIB,Played,Y,Y,1,7.40,
ESPN NBA 2K5,''710425276163,PlayStation 2,CIB,Not started,Y,Y,1,5.00,
Midnight Club 3 [DUB Edition Remix] [Greatest Hits],''710425279348,PlayStation 2,CIB,Played,Y,Y,1,23.87,
NBA 2K6,''710425298219,XBOX 360,CIB,Played,Y,Y,1,7.34,
Midnight Club: LA Remix,''710425334368,PlayStation Portable,CIB,Not started,Y,Y,1,15.00,
Ringling Bros. and Barnum & Bailey Circus,''710425346224,Nintendo Wii,CIB,Not started,Y,Y,1,3.64,
Grand Theft Auto IV,''710425370113,PlayStation 3,CIB,Played,Y,Y,1,9.44,
Family Feud,''710425370199,PlayStation 2,CIB,Played,Y,Y,1,5.64,
Red Dead Redemption,''710425375736,PlayStation 3,CIB,Not started,Y,Y,1,11.99,
Max Payne 3,''710425376061,PlayStation 3,CIB,Finished,Y,Y,1,9.99,
Red Dead Redemption: Undead Nightmare,''710425379338,PlayStation 3,CIB,Not started,Y,Y,1,8.01,
Midnight Club: Los Angeles,''710425392627,XBOX 360,Loose,Played,N,N,1,7.93,
Bioshock Infinite,''710425399503,XBOX 360,CIB,Played,Y,Y,1,5.20,
NBA 2K14,''710425473081,PlayStation 4,CIB,Not started,Y,Y,1,5.70,
Borderlands 2,''710425491016,XBOX 360,CIB,Finished,Y,Y,1,4.85,
Grand Theft Auto V,''710425491269,XBOX 360,CIB,Finished,Y,Y,1,12.00,
NBA 2K13,''710425491887,XBOX 360,CIB,Played,Y,Y,1,4.94,
Bioshock: The Collection,''710425497612,XBOX One,CIB,Not started,Y,Y,1,15.66,
Borderlands 3 (Super Deluxe Edition) [Steelbook],''710425574979,PlayStation 4,CIB,On hold,Y,Y,1,24.99,
Uncharted 4: A Thief's End,''711719047292,PlayStation 4,CIB,Finished,Y,Y,1,9.20,
PlayStation 4 - Black (500 GB),''711719100348,Console,Loose,N/A,N,N,1,260.00,Unsure of memory.
Modnation Racers: Roadtrip,''711719220015,PlayStation Vita,CIB,Played,Y,Y,1,10.83,
Syphon Filter 2,''711719445128,PlayStation,CIB,Not started,Y,Y,1,7.53,
Crash Bash,''711719457022,PlayStation,CIB,Not started,Y,Y,1,17.32,
LittleBigPlanet 3 (Day 1 Edition),''711719500254,PlayStation 4,CIB,Not started,Y,Y,1,10.00,
Horizon: Zero Dawn,''711719503484,PlayStation 4,CIB,Played,Y,Y,1,8.28,
Marvel Spider-Man,''711719506126,PlayStation 4,CIB,Finished,Y,Y,1,17.96,
God of War,''711719506133,PlayStation 4,CIB,On hold,Y,Y,1,13.09,
Detroit Become Human,''711719506140,PlayStation 4,CIB,Not started,Y,Y,1,12.42,
Gran Turismo 3: A-spec [Greatest Hits],''711719710226,PlayStation 2,CIB,Not started,Y,Y,1,6.95,
Sly Cooper and the Thievius Raccoonus [Greatest Hits],''711719719823,PlayStation 2,CIB,Not started,Y,Y,1,12.00,
Ratchet and Clank: Going Commando,''711719726821,PlayStation 2,CIB,Not started,Y,Y,1,9.74,
Gran Turismo 4,''711719732822,PlayStation 2,CIB,Not started,Y,Y,1,8.20,
Neopets: The Darkest Faerie,''047875881853,PlayStation 2,CIB,Played,Y,Y,1,9.39,
The Getaway: Black Monday,''711719740827,PlayStation 2,CIB,Not started,Y,Y,1,6.95,
Eye Toy: Antigrav,''711719741428,PlayStation 2,CIB,Not started,Y,Y,1,4.63,
Shadow of the Colossus [Greatest Hits],''711719747222,PlayStation 2,CIB,Not started,Y,Y,1,13.00,
Buzz! Junior: Robo Jam,''711719763420,PlayStation 2,CIB,Not started,Y,Y,1,6.45,
Uncharted : Drake's Fortune,''711719810322,PlayStation 3,CIB,Not started,Y,Y,1,5.40,
Uncharted 2: Among Thieves,''711719812326,PlayStation 3,CIB,Not started,Y,Y,1,5.77,
inFamous 2,''711719812524,PlayStation 3,CIB,Played,Y,Y,1,6.78,
Uncharted 3: Drake's Deception,''711719823322,PlayStation 3,CIB,Not started,Y,Y,1,6.81,
The Ico & Shadow of the Colossus Collection,''711719825920,PlayStation 3,CIB,Played,Y,Y,1,11.95,
The Con,''711719862123,PlayStation Portable,CIB,Not started,Y,Y,1,4.85,
ModNation Racers,''711719874126,PlayStation Portable,CIB,Played,Y,Y,1,4.66,
Invizimals,''711719874621,PlayStation Portable,CIB,Not started,Y,Y,1,7.45,
Patapon 3,''711719875123,PlayStation Portable,CIB,Played,Y,Y,1,13.62,
Sly Cooper: Thieves in Time,''711719982470,PlayStation 3,CIB,Not started,Y,Y,1,13.50,
God of War Saga,''711719990697,PlayStation 3,CIB,Played,Y,Y,1,13.50,
Home on the Range,''712725001513,Nintendo GBA,Loose,Played,N,N,1,2.72,
Suite Life of Zack and Cody,''712725002602,Nintendo DS,CIB,Not started,Y,Y,1,4.49,
Spectrobes,''712725002763,Nintendo DS,CIB,On hold,Y,Y,1,6.97,
Phineas and Ferb,''712725004552,Nintendo DS,CIB,Not started,Y,Y,1,4.39,
Spectrobes: Origins,''712725005016,Nintendo Wii,CIB,Not started,Y,Y,1,7.24,
Club Penguin: Elite Penguin Force,''712725005139,Nintendo DS,CIB,Finished,Y,Y,1,3.26,
Spectrobes: Beyond the Portals,''712725016678,Nintendo DS,CIB,On hold,Y,Y,1,5.80,
Club Penguin Elite Penguin Force: Herbert's Revenge,''712725017071,Nintendo DS,CIB,Finished,Y,Y,1,4.83,
LEGO Pirates of the Caribbean,''712725021290,XBOX 360,CIB,Finished,Y,Y,1,12.50,
Cars,''712725022518,Nintendo DS,CIB,Not started,Y,Y,1,7.01,
Kinect Adventures!,''717565888225,XBOX 360,CIB,Not started,Y,Y,1,3.42,
Medabots AX: Rokusho,''719593020240,Nintendo GBA,CIB,Not started,Y,Y,1,31.85,
Dragon Ball Z: The Legacy of Goku,''722242518760,Nintendo GBA,Loose,Finished,N,N,1,7.50,
Dragon Ball Z: Budokai,''722242519590,PlayStation 2,CIB,Played,Y,Y,1,7.80,
Tekken TAG Tournament,''722674021036,PlayStation 2,CIB,Not started,Y,Y,1,9.00,
Vampire Night,''722674021197,PlayStation 2,CIB,Not started,Y,Y,1,26.49,
Tekken 4,''722674021296,PlayStation 2,CIB,Not started,Y,Y,1,9.40,
R: Racing Evolution,''722674100038,PlayStation 2,CIB,Not started,Y,Y,1,6.30,
Tekken 5,''722674100229,PlayStation 2,CIB,Not started,Y,Y,1,16.90,
The Fast and the Furious,''722674100496,PlayStation 2,CIB,Not started,Y,Y,1,9.80,
Naruto: Uzumaki Chronicles,''722674100618,PlayStation 2,CIB,Played,Y,Y,1,6.36,
Digimon World: Data Squad,''722674100670,PlayStation 2,CIB,Played,Y,Y,1,13.50,
Naruto: Ultimate Collection,''722674100717,PlayStation 2,CIB,Played,Y,Y,1,25.74,
Ultimate Ninja 4: Naruto Shippuden,''722674100731,PlayStation 2,CIB,Played,Y,Y,1,16.47,
Dynasty Warriors: Gundam 3,''722674110563,PlayStation 3,CIB,Not started,Y,Y,1,23.39,
Ni no Kuni: Wrath of the White Witch,''722674110716,PlayStation 3,SIB,Not started,Y,Y,1,16.85,
Naruto Shippuden: Ultimate Ninja Storm Revolution,''722674111720,PlayStation 3,CIB,Not started,Y,Y,1,16.37,
One Piece: Pirate Warriors 3,''722674120111,PlayStation 4,CIB,Finished,Y,Y,1,18.07,
Sword Art Online: Lost Song,''722674120326,PlayStation 4,CIB,Not started,Y,Y,1,11.36,
Digimon World: Next Order,''722674120746,PlayStation 4,CIB,Not started,Y,Y,1,19.50,
Divinity: Original Sin 2 (Definitive Edition),''722674122344,PlayStation 4,CIB,In progress,Y,Y,1,16.00,
Naruto: Ultimate Ninja Heroes 2,''722674150286,PlayStation Portable,CIB,Finished,Y,Y,1,12.08,
Soul Calibur: Broken Destiny,''722674150309,PlayStation Portable,CIB,Not started,Y,Y,1,15.54,
Naruto Shippuden: Ultimate Ninja Heroes 3,''722674150378,PlayStation Portable,CIB,Finished,Y,Y,1,18.55,
Tales of Hearts R,''722674150415,PlayStation Vita,CIB,Played,Y,Y,1,34.11,
One Piece: Unlimited World R (Day One Edition),''722674150446,PlayStation Vita,CIB,Played,Y,Y,1,23.03,
Naruto Shippuden: Ultimate Ninja Storm Generations,''722674210546,XBOX 360,CIB,Played,Y,Y,1,8.64,
Naruto Shippuden: Ultimate Ninja Storm 3,''722674210751,XBOX 360,CIB,Played,Y,Y,1,10.50,
Digimon World DS,''722674700153,Nintendo DS,Loose,Not started,N,N,1,20.97,Temporary case
Digimon World: Dusk,''722674700245,Nintendo DS,Loose,On hold,N,N,1,18.99,
Soul Calibur Legends,''722674800051,Nintendo Wii,CIB,Not started,Y,Y,1,6.01,
Dragon Ball: Revenge of King Piccolo,''722674800235,Nintendo Wii,CIB,Not started,Y,Y,1,19.02,
Persona 5 [Steelbook],''730865020065,PlayStation 4,CIB,On hold,Y,Y,1,36.81,
Persona 4 Golden,''730865200009,PlayStation Vita,CIB,Finished,Y,Y,1,73.81,
Persona 4: Dancing All Night (Disco Fever Edition),''730865200085,PlayStation Vita,CIB,Finished,Y,Y,1,29.57,
Lost Dimension,''730865200092,PlayStation Vita,CIB,Played,Y,Y,1,26.91,
Persona Q: Shadow of the Labyrinth (with Tarot Cards),''730865300174,Nintendo 3DS,CIB,Played,Y,Y,1,24.99,
Battle B-Daman,''730865850174,Nintendo GBA,Loose,Finished,N,N,1,5.17,
Battle B-Daman: Fire Spirits,''730865850228,Nintendo GBA,Loose,Finished,N,N,1,6.53,
Corvette,''739069615084,PlayStation 2,CIB,Not started,Y,Y,1,3.93,
Space Race,''742725226340,PlayStation 2,CIB,Not started,Y,Y,1,10.19,
Dragon Ball Z: Taiketsu,''742725226982,Nintendo GBA,Loose,Not started,N,N,1,5.18,
Kya: Dark Lineage,''742725239630,PlayStation 2,Loose,Not started,N,N,1,9.45,
Beyblade: VForce,''742725248489,Nintendo GBA,Loose,Not started,N,N,1,3.24,
Dragon Ball Z: Budokai 2,''742725250680,PlayStation 2,Loose,Played,N,N,1,7.49,
Dragon Ball GT: Transformation,''742725256330,Nintendo GBA,Loose,Not started,N,N,1,10.68,
Beyblade: G-Revolution,''742725256897,Nintendo GBA,Loose,Finished,N,N,1,7.45,
Duel Masters: Kaijudo Showdown,''742725256903,Nintendo GBA,Loose,Not started,N,N,1,3.24,
Dragon Ball Z Budokai Tenkaichi,''742725266438,PlayStation 2,CIB,Played,Y,Y,1,12.52,
Super Dragon Ball Z,''742725273962,PlayStation 2,CIB,Played,Y,Y,1,9.99,
Dragon Ball Z Budokai Tenkaichi 2,''742725273979,PlayStation 2,CIB,Finished,Y,Y,1,28.48,
Dragon Ball Z: Harukanaru Densetsu (PAL),''742725275355,Nintendo DS,CIB,Played,Y,Y,1,18.88,
Dragon Ball Z Budokai Tenkaichi 3,''742725275928,PlayStation 2,CIB,Finished,Y,Y,1,112.47,
Dragon Ball Z: Burst Limit,''742725276406,XBOX 360,CIB,Not started,Y,Y,1,11.72,
Dragon Ball Z: Infinite World,''742725277151,PlayStation 2,CIB,Played,Y,Y,1,42.79,
Ford Racing 3,''744788017712,PlayStation 2,Loose,Not started,N,N,1,2.83,Temporary case
Rocket Power: Beach Bandits,''752919460177,PlayStation 2,CIB,Played,Y,Y,1,7.41,
Spongebob Squarepants: Battle for Bikini Bottom [Greatest Hits],''752919460375,PlayStation 2,CIB,Finished,Y,Y,1,28.48,
Hot Wheels: Stunt Track Challenge,''752919460511,PlayStation 2,CIB,Played,Y,Y,1,7.59,
Nicktoons Movin',''752919460528,PlayStation 2,CIB,Not started,Y,Y,1,3.53,
Spongebob Squarepants: The Movie,''752919460542,PlayStation 2,CIB,Finished,Y,Y,1,15.11,
Jimmy Neutron: Attack of the Twonkies,''752919460580,PlayStation 2,CIB,Played,Y,Y,1,5.43,
Juiced,''752919460658,PlayStation 2,CIB,Not started,Y,Y,1,9.28,
"Spongebob Squarepants: Lights, Camera, Pants!",''752919460726,PlayStation 2,CIB,Finished,Y,Y,1,9.99,
Nicktoons: Battle for Volcano Island,''752919460986,PlayStation 2,CIB,Played,Y,Y,1,8.23,
Neopets: The Darkest Faerie,''047875881853,PlayStation 2,CIB,Played,Y,Y,1,9.39,
Stuntman: Ignition,''752919461112,PlayStation 2,CIB,Played,Y,Y,1,4.30,
Avatar: The Burning Earth,''752919461204,PlayStation 2,CIB,Played,Y,Y,1,6.95,
WCW vs. the World,''752919470138,PlayStation,CIB,Not started,Y,Y,1,6.20,
Darksiders II,''752919553824,XBOX 360,CIB,Played,Y,Y,1,4.06,
WWE Smackdown vs. Raw 2008 [Steelbook],''752919990285,PlayStation 3,CIB,Not started,Y,Y,1,34.99,
Let's Ride!: Dreamer,''755142781064,Nintendo GBA,Loose,Not started,N,N,1,2.91,
Nintendo 3DS - Flame Red,''763615836319,Console,Loose,N/A,N,N,1,87.97,
DT Racer,''780332056431,PlayStation 2,CIB,Not started,Y,Y,1,4.35,
Quest 64,''785138301037,Nintendo 64,Loose,Not started,N,N,1,12.45,
Big Beach Sports,''785138301624,Nintendo Wii,CIB,Not started,Y,Y,1,5.03,
Matchbox: Cross Town Heroes,''785138321080,Nintendo GBA,Loose,Played,N,N,1,4.13,
Spongebob Squarepants: Revenge of the Flying Dutchman,''785138321172,Nintendo GBA,Loose,Not started,N,N,1,4.70,
Rocket Power: Zero Gravity Zone,''785138321400,Nintendo GBA,Loose,Not started,N,N,1,3.92,
Power Rangers: Dino Thunder,''785138321660,Nintendo GBA,Loose,Not started,N,N,1,5.88,
Hot Wheels: World Race,''785138380308,Nintendo GameCube,CIB,Not started,Y,Y,1,10.99,
Thunderstrike: Operation Phoenix,''788687500043,PlayStation 2,CIB,Not started,Y,Y,1,5.04,
25 to Life,''788687500258,PlayStation 2,CIB,Not started,Y,Y,1,12.78,
LEGO Star Wars 2: The Original Trilogy,''788687500333,PlayStation 2,CIB,Finished,Y,Y,1,6.72,
LEGO Star Wars: The Video Game,''788687500333,PlayStation 2,CIB,Finished,Y,Y,1,6.72,
Herdy Gerdy,''788687500371,PlayStation 2,CIB,Not started,Y,Y,1,7.47,
Bionicle: Heroes,''788687500586,PlayStation 2,CIB,Not started,Y,Y,1,7.00,
Army Men: Green Rogue,''790561508519,PlayStation 2,CIB,Not started,Y,Y,1,6.20,
Line Rider 2: Unbound,''796019813020,Nintendo DS,CIB,Not started,Y,Y,1,3.35,
Payday 2,''812872016757,XBOX 360,CIB,Played,Y,Y,1,5.34,
Cave Story 3D,''813633011059,Nintendo 3DS,Loose,Not started,N,N,1,13.67,
Disgaea 3: Absence of Detention,''813633011516,PlayStation Vita,CIB,Not started,Y,Y,1,17.83,
Danganronpa: Trigger Happy Havoc,''813633013466,PlayStation Vita,CIB,Finished,Y,Y,1,26.71,
Danganronpa 2: Goodbye Despair,''813633013879,PlayStation Vita,CIB,Finished,Y,Y,1,24.49,
Danganronpa Another Episode: Ultra Despair Girls,''813633015170,PlayStation Vita,CIB,Finished,Y,Y,1,25.37,
Danganronpa V3: Killing Harmony,''813633019109,PlayStation Vita,CIB,Finished,Y,Y,1,44.50,
Disgaea 5 Complete,''813633019215,Nintendo Switch,CIB,Played,Y,Y,1,33.18,
Saints Row IV,''816819010709,XBOX 360,CIB,Finished,Y,Y,1,6.88,
Ultimate Board Game Collection,''853333001059,PlayStation 2,CIB,Not started,Y,Y,1,2.99,
Ys: Memories of Celceta,''853466001605,PlayStation Vita,CIB,Played,Y,Y,1,25.32,
Senran Kagura: Shinovi Versus (Let's Get Physical Version),''853466001698,PlayStation Vita,CIB,Played,Y,Y,1,49.00,
Disgaea 3: Absence of Justice,''857823001314,PlayStation 3,CIB,Not started,Y,Y,1,7.99,
Disgaea 2 - Dark Hero Days,''857823001406,PlayStation Portable,CIB,Not started,Y,Y,1,24.99,
The Binding of Isaac: Afterbirth +,''867528000307,Nintendo Switch,CIB,Finished,Y,Y,1,35.00,
Dream Trigger 3D,''879278360006,Nintendo 3DS,Loose,Not started,N,N,1,3.49,
Halo 3,''882224444477,XBOX 360,CIB,Played,Y,Y,1,7.90,
LEGO Battles,''883929069859,Nintendo DS,CIB,Not started,Y,Y,1,5.28,
LEGO Rock Band,''883929077809,Nintendo Wii,CIB,Finished,Y,Y,1,9.33,
Scribblenauts,''883929088867,Nintendo DS,Loose,Finished,N,N,1,3.90,
LEGO Harry Potter Years 1-4,''883929119530,Nintendo Wii,CIB,Finished,Y,Y,1,12.66,
Super Scribblenauts,''883929137138,Nintendo DS,CIB,Not started,Y,Y,1,4.31,
LEGO Harry Potter Years 5-7,''883929187560,XBOX 360,CIB,Finished,Y,Y,1,11.44,
LEGO Batman 2: DC Super Heroes,''883929243617,XBOX 360,CIB,Finished,Y,Y,1,5.99,
Batman: Arkham Origins,''883929319688,PlayStation 3,CIB,Played,Y,Y,1,5.88,
Lego City Undercover,''883929580224,Nintendo Switch,CIB,Played,Y,Y,1,19.22,
Lego Marvel Super Heroes 2,''883929597802,PlayStation 4,CIB,Finished,Y,Y,1,11.98,
Batman - The Telltale Series,''883929603695,Nintendo Switch,CIB,Finished,Y,Y,1,20.72,
Halo: Reach,''885370040159,XBOX 360,CIB,Finished,Y,Y,1,8.14,
XBOX 360 Slim - Black (4 GB),''885370138405,Console,Loose,N/A,N,N,1,43.33,
Fable III,''885370164244,XBOX 360,CIB,Played,Y,Y,1,5.09,
Forza Motorsport 4,''885370308099,XBOX 360,CIB,Played,Y,Y,1,11.99,
Forza Horizon,''885370404524,XBOX 360,CIB,Played,Y,Y,1,18.67,
Halo 4,''885370429688,XBOX 360,CIB,Played,Y,Y,1,5.99,
Rise of the Tomb Raider,''885370982305,XBOX One,Loose,Not started,N,N,1,8.97,
Watch Dogs 2,''887256022884,PlayStation 4,CIB,Finished,Y,Y,1,11.50,
Mario + Rabbids Kingdom Battle,''887256028305,Nintendo Switch,CIB,Played,Y,Y,1,18.45,
Assassin's Creed: Origins,''887256028428,PlayStation 4,CIB,Played,Y,Y,1,14.25,
Assassin's Creed: Odyssey,''887256035990,PlayStation 4,CIB,Not started,Y,Y,1,21.26,
Tom Clancy's The Division 2,''887256036362,XBOX One,CIB,Not started,Y,Y,1,8.38,
XBOX One S - White (500 GB),''889842133073,Console,CIB,N/A,N,N,1,197.97,Unsure of model and memory.
Virtue's Last Reward,''893610001624,PlayStation Vita,CIB,On hold,Y,Y,1,11.88,
Muramasa: rebirth,''893610001709,PlayStation Vita,CIB,Played,Y,Y,1,40.50,
Brave: The Search for Spirit Dancer,''896992000155,PlayStation 2,CIB,Not started,Y,Y,1,6.85,
Nintendo DS - Silver,N/A,Console,Loose,N/A,N,N,1,20,Estimated.
Nintendo Switch - Gray Joy-Cons,N/A,Console,Loose,N/A,N,N,1,150,Estimated.
PlayStation 3 - Black (160 GB),N/A,Console,Loose,N/A,N,N,1,30,Estimated.
"PlayStation Vita - White (Series 1000, OLED)",N/A,Console,Loose,N/A,N,N,1,150,Estimated.
Pokémon Ruby (Fake),N/A,Nintendo GBA,Loose,Not started,N,N,1,5,Estimated
The Sims,N/A,PC,CIB,Played,Y,Y,1,Not available.,
The Sims 2: Double Deluxe,N/A,PC,CIB,Played,Y,Y,1,Not available.,
The Sims 2: Fun with Pets,N/A,PC,CIB,Played,Y,Y,1,Not available.,
The Sims 2: University,N/A,PC,CIB,Played,Y,Y,1,Not available.,
The Sims 3: Fast Lane,N/A,PC,CIB,Played,Y,Y,1,Not available.,
The Sims 3: High End Loft,N/A,PC,CIB,Played,Y,Y,1,Not available.,
The Sims: Complete Collection,N/A,PC,CIB,Played,Y,Y,1,Not available.,
World of Warcraft: Cataclysm,N/A,PC,CIB,Played,Y,Y,1,Not available.,
World of Warcraft: Wrath of the Lick King,N/A,PC,CIB,Played,Y,Y,1,Not available.,
Breath of Fire III (PAL),N/A,PlayStation Portable,CIB,Not started,Y,Y,1,15,Estimated.
Red Dead Redemption 2,N/A,XBOX One,Digital (Rental),Not started,N/A,N/A,1,N/A,
